OBJECTID *,Site_ID *,Ftr_ID *,Ftr_Name,Last_Updt,Material,Rsrc_Date,Mat_Type,Mat_Amnt,Mat_Units,Grade,Grade_Unit,CutOffGrad,CutOffUnit,Contained,Cont_Units,MatAmntSI,MatUnitsSI,GradeSI,GradUnitSI,COG_SI,COU_SI,CntSIComAm,CntSIComUt,CntSICom,Rsrc_Class,Rsrc_Descr,Rsrc_Code,Ref_Detail,Ref_ID,Remarks
1,AK00012,Mo00550,Ruby Creek Zone,7/19/2018,cobalt,2018,ore,124600000,tonnes,0.017,percent,0.5,percent copper,45000000,pounds,-124600000,metric tons,0.017,percent,0.5,percent copper,20000.111,metric tons,Co,Inferred,Resource,CIM,"Page 2, Table 1",Trilogy Metals Inc. (2018),<Null>
2,AK00012,Mo00550,Ruby Creek Zone,7/19/2018,copper,2016,ore,40500000,tonnes,1.02,percent,0.5,percent copper,913000000,pounds,-40500000,metric tons,1.02,percent,0.5,percent copper,414000.111,metric tons,Cu,Indicated,Resource,CIM,"Page 2, Table 2",Trilogy Metals Inc. (2018),<Null>
3,AK00012,Mo00550,Ruby Creek Zone,7/19/2018,copper,2016,ore,84100000,tonnes,0.95,percent,0.5,percent copper,1768000000,pounds,84100000,metric tons,0.95,percent,0.5,percent copper,802000.111,metric tons,Cu,Inferred,Resource,CIM,"Page 2, Table 2",Trilogy Metals Inc. (2018),<Null>
4,AK00012,Mo00571,South Reef Zone,7/19/2018,cobalt,2018,ore,-57800000,tonnes,0.025,percent,1.5,percent copper,32000000,pounds,-57800000,metric tons,0.025,percent,1.5,percent copper,14500.111,metric tons,Co,Inferred,Resource,CIM,"Page 2, Table 1",Trilogy Metals Inc. (2018),<Null>
5,AK00012,Mo00571,South Reef Zone,7/19/2018,copper,1961,ore,21230000,tons,3.04,percent,1,percent copper,645000.111,tons,19260000.11,metric tons,3.04,percent,1,percent copper,585000.111,metric tons,Cu,<Null>,Resource,<Null>,"Page 6-5, Table 6.2",Davis and Sim (2013),<Null>
6,AK00012,Mo00571,South Reef Zone,7/19/2018,copper,2016,ore,-57800000,tonnes,2.89,percent,1.5,percent copper,3683000000,pounds,-57800000,metric tons,2.89,percent,1.5,percent copper,1670000.111,metric tons,Cu,Inferred,Resource,CIM,"Page 2, Table 2",Trilogy Metals Inc. (2018),<Null>
7,AK00205,-1111,Bohemia Basin,7/19/2018,nickel,1990,ore,-20000000,tonnes,0.51,percent,<Null>,<Null>,102000.111,tonnes,-20000000,metric tons,0.51,percent,<Null>,<Null>,102000.111,metric tons,Ni,<Null>,Reserve,<Null>,Page 61,Bundtzen and others (1995),<Null>
8,AK00205,-1111,Bohemia Basin,7/19/2018,copper,1990,ore,-20000000,tonnes,0.27,percent,<Null>,<Null>,54000.111,tonnes,-20000000,metric tons,0.27,percent,<Null>,<Null>,54000.111,metric tons,Cu,<Null>,Reserve,<Null>,Page 61,Bundtzen and others (1995),<Null>
9,AK00205,-1111,Bohemia Basin,7/19/2018,cobalt,1990,ore,-20000000,tonnes,0.02,percent,<Null>,<Null>,4000.111,tonnes,-20000000,metric tons,0.02,percent,<Null>,<Null>,4000.111,metric tons,Co,<Null>,Reserve,<Null>,Page 61,Bundtzen and others (1995),<Null>
10,AK00205,Mo00729,West Tripod Body,7/19/2018,nickel,1942,ore,-908000,tons,0.32,percent,<Null>,<Null>,2906,short tons,-824000.111,metric tons,0.32,percent,<Null>,<Null>,2600.111,metric tons,Ni,<Null>,Unclassified,<Null>,Page 129,Reed and Dorr (1942),<Null>
11,AK00205,Mo00729,West Tripod Body,7/19/2018,copper,1942,ore,-908000,tons,0.26,percent,<Null>,<Null>,2361,short tons,-824000.111,metric tons,0.26,percent,<Null>,<Null>,2100.111,metric tons,Cu,<Null>,Unclassified,<Null>,Page 129,Reed and Dorr (1942),<Null>
12,AK00205,Mo00730,East Tripod Body,7/19/2018,copper,1942,ore,-109000,tons,0.33,percent,<Null>,<Null>,360,short tons,-99000.111,metric tons,0.33,percent,<Null>,<Null>,327.111,metric tons,Cu,<Null>,Unclassified,<Null>,Page 129,Reed and Dorr (1942),<Null>
13,AK00205,Mo00730,East Tripod Body,7/19/2018,nickel,1942,ore,-109000,tons,0.44,percent,<Null>,<Null>,480,short tons,-99000.111,metric tons,0.44,percent,<Null>,<Null>,435.111,metric tons,Ni,<Null>,Unclassified,<Null>,Page 129,Reed and Dorr (1942),<Null>
14,AK00205,Mo00731,Tunnel Body,7/19/2018,nickel,1942,ore,-1386000,tons,0.52,percent,<Null>,<Null>,7207,short tons,-1257000.111,metric tons,0.52,percent,<Null>,<Null>,6500.111,metric tons,Ni,<Null>,Unclassified,<Null>,Page 129,Reed and Dorr (1942),<Null>
15,AK00205,Mo00731,Tunnel Body,7/19/2018,copper,1942,ore,-1386000,tons,0.3,percent,<Null>,<Null>,4158,short tons,-1257000.111,metric tons,0.3,percent,<Null>,<Null>,3800.111,metric tons,Cu,<Null>,Unclassified,<Null>,Page 129,Reed and Dorr (1942),<Null>
16,AK00205,Mo00732,Side Hill Body,7/19/2018,copper,1942,ore,-166000,tons,0.21,percent,<Null>,<Null>,349,short tons,-151000.111,metric tons,0.21,percent,<Null>,<Null>,317.111,metric tons,Cu,<Null>,Unclassified,<Null>,Page 129,Reed and Dorr (1942),<Null>
17,AK00205,Mo00732,Side Hill Body,7/19/2018,nickel,1942,ore,-166000,tons,0.26,percent,<Null>,<Null>,432,short tons,-151000.111,metric tons,0.26,percent,<Null>,<Null>,392.111,metric tons,Ni,<Null>,Unclassified,<Null>,Page 129,Reed and Dorr (1942),<Null>
18,AK00205,Mo00733,North Muskeg Body,7/19/2018,nickel,1942,ore,-110000,tons,0.39,percent,<Null>,<Null>,429,short tons,-99800.111,metric tons,0.39,percent,<Null>,<Null>,390.111,metric tons,Ni,<Null>,Unclassified,<Null>,Page 129,Reed and Dorr (1942),<Null>
19,AK00205,Mo00733,North Muskeg Body,7/19/2018,copper,1942,ore,-110000,tons,0.35,percent,<Null>,<Null>,385,short tons,-99800.111,metric tons,0.35,percent,<Null>,<Null>,350.111,metric tons,Cu,<Null>,Unclassified,<Null>,Page 129,Reed and Dorr (1942),<Null>
20,AK00205,Mo00734,South Muskeg Body,7/19/2018,copper,1942,ore,-766000,tons,0.25,percent,<Null>,<Null>,1915,short tons,-695000.111,metric tons,0.25,percent,<Null>,<Null>,1700.111,metric tons,Cu,<Null>,Unclassified,<Null>,Page 129,Reed and Dorr (1942),<Null>
21,AK00205,Mo00734,South Muskeg Body,7/19/2018,nickel,1942,ore,-766000,tons,0.23,percent,<Null>,<Null>,1762,short tons,-695000.111,metric tons,0.23,percent,<Null>,<Null>,1600.111,metric tons,Ni,<Null>,Unclassified,<Null>,Page 129,Reed and Dorr (1942),<Null>
22,AK00205,Mo00735,North Takanis Body,7/19/2018,copper,1942,ore,-91000,tons,0.29,percent,<Null>,<Null>,264,short tons,-83000.111,metric tons,0.29,percent,<Null>,<Null>,240.111,metric tons,Cu,<Null>,Unclassified,<Null>,Page 129,Reed and Dorr (1942),<Null>
23,AK00205,Mo00735,North Takanis Body,7/19/2018,nickel,1942,ore,-91000,tons,0.32,percent,<Null>,<Null>,291,short tons,-83000.111,metric tons,0.32,percent,<Null>,<Null>,264.111,metric tons,Ni,<Null>,Unclassified,<Null>,Page 129,Reed and Dorr (1942),<Null>
24,AK00205,Mo00736,South Takanis Body,7/19/2018,nickel,1942,ore,-2317000,tons,0.31,percent,<Null>,<Null>,7183,short tons,-2100000.111,metric tons,0.31,percent,<Null>,<Null>,6500.111,metric tons,Ni,<Null>,Unclassified,<Null>,Page 129,Reed and Dorr (1942),<Null>
25,AK00205,Mo00736,South Takanis Body,7/19/2018,copper,1942,ore,-2317000,tons,0.25,percent,<Null>,<Null>,5793,short tons,-2100000.111,metric tons,0.25,percent,<Null>,<Null>,5300.111,metric tons,Cu,<Null>,Unclassified,<Null>,Page 129,Reed and Dorr (1942),<Null>
26,AK00207,Mo00737,Brady Glacier,7/19/2018,copper,1995,ore,-91000000,tonnes,0.3,percent,<Null>,<Null>,273000.111,tonnes,-91000000,metric tons,0.3,percent,<Null>,<Null>,273000.111,metric tons,Cu,Proven,Reserve,<Null>,Page 60,Bundtzen and others (1995),<Null>
27,AK00207,Mo00737,Brady Glacier,7/19/2018,nickel,1995,ore,-91000000,tonnes,0.5,percent,<Null>,<Null>,455000.111,tonnes,-91000000,metric tons,0.5,percent,<Null>,<Null>,455000.111,metric tons,Ni,Proven,Reserve,<Null>,Page 60,Bundtzen and others (1995),<Null>
28,AK00207,Mo00737,Brady Glacier,7/19/2018,cobalt,1995,ore,-91000000,tonnes,0.03,percent,<Null>,<Null>,27300.111,tonnes,-91000000,metric tons,0.03,percent,<Null>,<Null>,27300.111,metric tons,Co,Proven,Reserve,<Null>,Page 60,Bundtzen and others (1995),<Null>
29,CA00070,Mo00761,Pine Flat,7/19/2018,nickel,1986,ore,-19232000,tons,0.78,percent,<Null>,<Null>,150010.111,tons,-17447000,metric tons,0.78,percent,<Null>,<Null>,136090.111,metric tons,Ni,Probable,Reserve,<Null>,Page 103,Northern Miner (1989),"Additional 5,500,000 tons inferred resource"
30,CA00070,Mo00761,Pine Flat,7/19/2018,cobalt,1986,ore,-19232000,tons,0.062,percent,<Null>,<Null>,11924.111,tons,-17447000,metric tons,0.062,percent,<Null>,<Null>,10817.111,metric tons,Co,Probable,Reserve,<Null>,Page 103,Northern Miner (1989),"Additional 5,500,000 tons inferred resource"
31,CA00071,Mo00775,Gasquet,7/19/2018,chromium,1985,ore,-16000000,tons,2,percent,<Null>,<Null>,320000.111,tons,-15000000.11,metric tons,2,percent,<Null>,<Null>,300000.111,metric tons,Cr,Proven,Ore Reserve,<Null>,Page 171,US OTA (1985),<Null>
32,CA00071,Mo00775,Gasquet,7/19/2018,nickel,1985,ore,-16000000,tons,0.75,percent,<Null>,<Null>,120000.111,tons,-15000000.11,metric tons,0.75,percent,<Null>,<Null>,110000.111,metric tons,Ni,Proven,Ore Reserve,<Null>,Page 171,US OTA (1985),<Null>
33,CA00071,Mo00775,Gasquet,7/19/2018,cobalt,1985,ore,-16000000,tons,0.07,percent,<Null>,<Null>,11000.111,tons,-15000000.11,metric tons,0.07,percent,<Null>,<Null>,10000.111,metric tons,Co,Proven,Ore Reserve,<Null>,Page 171,US OTA (1985),<Null>
34,ID00005,Mo00628,Blackbird,7/19/2018,cobalt,1977,ore,-6500000,tons,0.55,percent,<Null>,<Null>,36000.111,tons,-5900000.111,metric tons,0.55,percent,<Null>,<Null>,32000.111,metric tons,Co,<Null>,Reserve,<Null>,Page 190,Johnson and others (1998),Based on Bennett (1977)
35,ID00005,Mo00628,Blackbird,7/19/2018,copper,1977,ore,-6500000,tons,1.31,percent,<Null>,<Null>,85000.111,tons,-5900000.111,metric tons,1.31,percent,<Null>,<Null>,77000.111,metric tons,Cu,<Null>,Reserve,<Null>,Page 190,Johnson and others (1998),Based on Bennett (1977)
36,ID00050,-1111,Idaho Cobalt Project,7/19/2018,gold,1998,ore,-2250400,tons,0.014,ounces per ton,0.2,percent cobalt,32000.111,ounces,-2041500.111,metric tons,0.44111,grams per metric ton,0.2,percent cobalt,0.89111,metric tons,Au,Inferred,Mineral Resource,<Null>,"Page 38, Table 6.1",Foo and others (2017),<Null>
37,ID00050,-1111,Idaho Cobalt Project,7/19/2018,copper,1998,ore,-2250400,tons,0.618,percent,0.2,percent cobalt,13900.111,tons,-2041500.111,metric tons,0.618,percent,0.2,percent cobalt,12600.111,metric tons,Cu,Inferred,Mineral Resource,<Null>,"Page 38, Table 6.1",Foo and others (2017),<Null>
38,ID00050,-1111,Idaho Cobalt Project,7/19/2018,cobalt,1998,ore,-2250400,tons,0.459,percent,0.2,percent cobalt,10300.111,tons,-2041500.111,metric tons,0.459,percent,0.2,percent cobalt,9370.111,metric tons,Co,Inferred,Mineral Resource,<Null>,"Page 38, Table 6.1",Foo and others (2017),<Null>
39,ID00050,-1111,Idaho Cobalt Project,7/19/2018,cobalt,1998,ore,-1116941,tons,0.592,percent,0.2,percent cobalt,6610.111,tons,-1013272.111,metric tons,0.592,percent,0.2,percent cobalt,6000.111,metric tons,Co,Measured plus Indicated,Mineral Resource,<Null>,"Page 38, Table 6.1",Foo and others (2017),<Null>
40,ID00050,-1111,Idaho Cobalt Project,7/19/2018,copper,1998,ore,-1116941,tons,0.657,percent,0.2,percent cobalt,7340.111,tons,-1013272.111,metric tons,0.657,percent,0.2,percent cobalt,6660.111,metric tons,Cu,Measured plus Indicated,Mineral Resource,<Null>,"Page 38, Table 6.1",Foo and others (2017),<Null>
41,ID00050,-1111,Idaho Cobalt Project,7/19/2018,gold,1998,ore,-1116941,tons,0.016,ounces per ton,0.2,percent cobalt,18000.111,ounces,-1013272.111,metric tons,0.50111,grams per metric ton,0.2,percent cobalt,0.51111,metric tons,Au,Measured plus Indicated,Mineral Resource,<Null>,"Page 38, Table 6.1",Foo and others (2017),<Null>
42,ID00050,Mo00716,Ram,7/19/2018,gold,2017,ore,-3662000,tons,0.015,ounces per ton,0.25,percent cobalt,53286,ounces,-3322000.111,metric tons,0.47111,grams per metric ton,0.25,percent cobalt,1.6111,metric tons,Au,Proven plus Probable,Mineral Reserve,CIM,"Page 127, Table 15.2",Foo and others (2017),<Null>
43,ID00050,Mo00716,Ram,7/19/2018,gold,2017,ore,-3436000,tons,0.016,ounces per ton,0.2,percent cobalt,54200,ounces,-3117000.111,metric tons,0.50111,grams per metric ton,0.2,percent cobalt,1.6111,metric tons,Au,Measured plus Indicated,Mineral Resource,CIM,"Page 121, Table 14.11",Foo and others (2017),<Null>
44,ID00050,Mo00716,Ram,7/19/2018,copper,2017,ore,-1543000,tons,0.68,percent,0.2,percent cobalt,21032,pounds,-1400000.111,metric tons,0.68,percent,0.2,percent cobalt,9500.111,metric tons,Cu,Inferred,Mineral Resource,CIM,"Page 121, Table 14.11",Foo and others (2017),<Null>
45,ID00050,Mo00716,Ram,7/19/2018,cobalt,2017,ore,-1543000,tons,0.51,percent,0.2,percent cobalt,15594,pounds,-1400000.111,metric tons,0.51,percent,0.2,percent cobalt,7100.111,metric tons,Co,Inferred,Mineral Resource,CIM,"Page 121, Table 14.11",Foo and others (2017),<Null>
46,ID00050,Mo00716,Ram,7/19/2018,cobalt,2017,ore,-3662000,tons,0.47,percent,0.25,percent cobalt,34517000,pounds,-3322000.111,metric tons,0.47,percent,0.25,percent cobalt,16000.111,metric tons,Co,Proven plus Probable,Mineral Reserve,CIM,"Page 127, Table 15.2",Foo and others (2017),<Null>
47,ID00050,Mo00716,Ram,7/19/2018,cobalt,2017,ore,-3436000,tons,0.59,percent,0.2,percent cobalt,40578,pounds,-3117000.111,metric tons,0.59,percent,0.2,percent cobalt,18000.111,metric tons,Co,Measured plus Indicated,Mineral Resource,CIM,"Page 121, Table 14.11",Foo and others (2017),<Null>
48,ID00050,Mo00716,Ram,7/19/2018,gold,2017,ore,-1543000,tons,0.012,ounces per ton,0.2,percent cobalt,18700,ounces,-1400000.111,metric tons,0.37111,grams per metric ton,0.2,percent cobalt,0.52111,metric tons,Au,Inferred,Mineral Resource,CIM,"Page 121, Table 14.11",Foo and others (2017),<Null>
49,ID00050,Mo00716,Ram,7/19/2018,copper,2017,ore,-3662000,tons,0.68,percent,0.25,percent cobalt,49756000,pounds,-3322000.111,metric tons,0.68,percent,0.25,percent cobalt,23000.111,metric tons,Cu,Proven plus Probable,Mineral Reserve,CIM,"Page 127, Table 15.2",Foo and others (2017),<Null>
50,ID00050,Mo00716,Ram,7/19/2018,copper,2017,ore,-3436000,tons,0.73,percent,0.2,percent cobalt,50436,pounds,-3117000.111,metric tons,0.73,percent,0.2,percent cobalt,23000.111,metric tons,Cu,Measured plus Indicated,Mineral Resource,CIM,"Page 121, Table 14.11",Foo and others (2017),<Null>
51,ID00050,Mo00717,Sunshine,7/19/2018,cobalt,2006,ore,-260700,tons,0.604,percent,0.3,percent cobalt,1570.111,tons,-236500.111,metric tons,0.604,percent,0.3,percent copper,1430.111,metric tons,Co,Measured plus Indicated,Resource,<Null>,"Page 40, Table 6.4",Foo and others (2017),<Null>
52,ID00050,Mo00717,Sunshine,7/19/2018,gold,2006,ore,-260700,tons,0.013,ounces per ton,0.3,percent cobalt,3400.111,ounces,-236500.111,metric tons,0.41111,grams per metric ton,0.3,percent copper,0.096111,metric tons,Cu,Measured plus Indicated,Resource,<Null>,"Page 40, Table 6.4",Foo and others (2017),<Null>
53,ID00050,Mo00717,Sunshine,7/19/2018,copper,2006,ore,-260700,tons,0.327,percent,0.3,percent cobalt,852.111,tons,-236500.111,metric tons,0.327,percent,0.3,percent copper,773.111,metric tons,Au,Measured plus Indicated,Resource,<Null>,"Page 40, Table 6.4",Foo and others (2017),<Null>
54,ID00051,Mo00751,No Name Zone,7/19/2018,copper,1983,ore,-1000000,tons,0.3,percent,<Null>,<Null>,3000.111,tons,-907000.111,metric tons,0.3,percent,<Null>,<Null>,2700.111,metric tons,Cu,<Null>,Reserve,<Null>,"Page 16, Table 2",Cullen (2016),<Null>
55,ID00051,Mo00751,No Name Zone,7/19/2018,cobalt,1983,ore,-1000000,tons,0.61,percent,<Null>,<Null>,6100.111,tons,-907000.111,metric tons,0.61,percent,<Null>,<Null>,5500.111,metric tons,Co,<Null>,Reserve,<Null>,"Page 16, Table 2",Cullen (2016),<Null>
56,ID00051,Mo00751,No Name Zone,7/19/2018,cobalt,1972,ore,-32100000,tons,0.17,percent,0.4,percent copper equivalent,54600.111,tons,-29100000.11,metric tons,0.17,percent,0.4,percent copper equivalent,49500.111,metric tons,Co,<Null>,Reserve,<Null>,"Page 16, Table 2",Cullen (2016),<Null>
57,ID00051,Mo00751,No Name Zone,7/19/2018,copper,1972,ore,-32100000,tons,1.05,percent,0.4,percent copper equivalent,337000.111,tons,-29100000.11,metric tons,1.05,percent,0.4,percent copper equivalent,306000.111,metric tons,Cu,<Null>,Reserve,<Null>,"Page 16, Table 2",Cullen (2016),<Null>
58,ID00052,Mo00738,Salmon Canyon,7/19/2018,copper,1979,ore,-1270000,tons,1.3,percent,<Null>,<Null>,16500.111,tons,-1150000.111,metric tons,1.3,percent,<Null>,<Null>,1500.111,metric tons,Cu,Probable,Geologic Resource,<Null>,Page 121,Johnson and others (1998),Resource from Behre Dolbear and Co (1979)
59,ID00052,Mo00738,Salmon Canyon,7/19/2018,cobalt,1979,ore,-1270000,tons,0.2,percent,<Null>,<Null>,2540.111,tons,-1150000.111,metric tons,0.2,percent,<Null>,<Null>,2300.111,metric tons,Co,Probable,Geologic Resource,<Null>,Page 121,Johnson and others (1998),Resource from Behre Dolbear and Co (1979)
60,ID00052,Mo00738,Salmon Canyon,7/19/2018,silver,1979,ore,-1270000,tons,0.3,ounces per ton,<Null>,<Null>,381000.111,ounces,-1150000.111,metric tons,9.4111,grams per metric ton,<Null>,<Null>,11.111,metric tons,Ag,Probable,Geologic Resource,<Null>,Page 121,Johnson and others (1998),Resource from Behre Dolbear and Co (1979)
61,ID00052,Mo00738,Salmon Canyon,7/19/2018,gold,1979,ore,-1270000,tons,0.015,ounces per ton,<Null>,<Null>,19000.111,ounces,-1150000.111,metric tons,0.47111,grams per metric ton,<Null>,<Null>,0.59111,metric tons,Au,Probable,Geologic Resource,<Null>,Page 121,Johnson and others (1998),Resource from Behre Dolbear and Co (1979)
62,ME00002,Mo00770,Union,7/19/2018,nickel,1984,ore,-9000000,metric tons,0.91,percent,<Null>,<Null>,82000.111,metric tons,-9000000,metric tons,0.91,percent,<Null>,<Null>,82000.111,metric tons,Ni,Probable,In Situ Resource,<Null>,Pages 8-10,Buckingham and Lemons (1984),<Null>
63,ME00002,Mo00770,Union,7/19/2018,copper,1984,ore,-9000000,metric tons,0.45,percent,<Null>,<Null>,41000.111,metric tons,-9000000,metric tons,0.45,percent,<Null>,<Null>,41000.111,metric tons,Cu,Probable,In Situ Resource,<Null>,Pages 8-10,Buckingham and Lemons (1984),<Null>
64,ME00002,Mo00770,Union,7/19/2018,cobalt,1984,ore,-9000000,metric tons,0.04,percent,<Null>,<Null>,3600.111,metric tons,-9000000,metric tons,0.04,percent,<Null>,<Null>,3600.111,metric tons,Co,Probable,In Situ Resource,<Null>,Pages 8-10,Buckingham and Lemons (1984),<Null>
65,ME00003,Mo00771,Warren,7/19/2018,copper,1992,ore,-2982800,metric tons,0.69,percent,<Null>,<Null>,20580.111,metric tons,-2705950.111,metric tons,0.69,percent,<Null>,<Null>,18670.111,metric tons,Cu,Indicated,Drill-Indicated Resource,<Null>,Page 46,Giancola (1995),Reserve estimates audited by Roscoe Postle Associates Inc.
66,ME00003,Mo00771,Warren,7/19/2018,cobalt,1992,ore,-2982800,metric tons,0.12,percent,<Null>,<Null>,3580.111,metric tons,-2705950.111,metric tons,0.12,percent,<Null>,<Null>,3250.111,metric tons,Co,Probable,Drill-Indicated Resource,<Null>,Page 46,Giancola (1995),Reserve estimates audited by Roscoe Postle Associates Inc.
67,ME00003,Mo00771,Warren,7/19/2018,nickel,1992,ore,-2982800,metric tons,1.49,percent,<Null>,<Null>,44400.111,metric tons,-2705950.111,metric tons,1.49,percent,<Null>,<Null>,40300.111,metric tons,Ni,Indicated,Drill-Indicated Resource,<Null>,Page 46,Giancola (1995),Reserve estimates audited by Roscoe Postle Associates Inc.
68,MI00001,Mo00362,Eagle,7/18/2018,nickel,2017,ore,-1235000,tonnes,3,percent,<Null>,<Null>,37000,tonnes,-1235000,metric tons,3,percent,<Null>,<Null>,37000,metric tons,Ni,Proven,Mineral Reserve,<Null>,Mineral Reserves Table,Lundin Mining (2018b),<Null>
69,MI00001,Mo00362,Eagle,7/19/2018,palladium,2016,ore,-1129000,tonnes,0.5,grams per tonne,142,dollars per ton NSR,20000,ounces,-1129000,metric tons,0.5,grams per metric ton,129.111,dollars per metric ton NSR,0.56111,metric tons,Pd,Proven,Mineral Reserve,CIM,"Page 15-2, Table 15-1",Clow and others (2017),<Null>
70,MI00001,Mo00362,Eagle,7/18/2018,cobalt,2017,ore,-1748000,tonnes,0.1,percent,<Null>,<Null>,1000,tonnes,-1748000,metric tons,0.1,percent,<Null>,<Null>,1000,metric tons,Co,Indicated,Mineral Resource,<Null>,Mineral Resources Table,Lundin Mining (2018b),<Null>
71,MI00001,Mo00362,Eagle,7/18/2018,copper,2017,ore,-77000,tonnes,0.9,percent,<Null>,<Null>,1000,tonnes,-77000,metric tons,0.9,percent,<Null>,<Null>,1000,metric tons,Cu,Inferred,Mineral Resource,<Null>,Mineral Resources Table,Lundin Mining (2018b),<Null>
72,MI00001,Mo00362,Eagle,7/18/2018,cobalt,2017,ore,-1408000,tonnes,0.1,percent,<Null>,<Null>,1000,tonnes,-1408000,metric tons,0.1,percent,<Null>,<Null>,1000,metric tons,Co,Measured,Mineral Resource,<Null>,Mineral Resources Table,Lundin Mining (2018b),<Null>
73,MI00001,Mo00362,Eagle,7/18/2018,platinum,2016,ore,-2146000,tonnes,0.5,grams per tonne,<Null>,<Null>,30000,ounces,-2146000,metric tons,0.5,grams per metric ton,<Null>,<Null>,1.1111,metric tons,Pt,Indicated,Mineral Resource,CIM,"Page 14-2, Table 14-1",Clow and others (2017),<Null>
74,MI00001,Mo00362,Eagle,7/18/2018,nickel,2017,ore,-1408000,tonnes,3.4,percent,<Null>,<Null>,48000,tonnes,-1408000,metric tons,3.4,percent,<Null>,<Null>,48000,metric tons,Ni,Measured,Mineral Resource,<Null>,Mineral Resources Table,Lundin Mining (2018b),<Null>
75,MI00001,Mo00362,Eagle,7/18/2018,copper,2017,ore,-1748000,tonnes,2.2,percent,<Null>,<Null>,38000,tonnes,-1748000,metric tons,2.2,percent,<Null>,<Null>,38000,metric tons,Cu,Indicated,Mineral Resource,<Null>,Mineral Resources Table,Lundin Mining (2018b),<Null>
76,MI00001,Mo00362,Eagle,7/18/2018,cobalt,2017,ore,-1235000,tonnes,0.1,percent,<Null>,<Null>,1000,tonnes,-1235000,metric tons,0.1,percent,<Null>,<Null>,1000,metric tons,Co,Proven,Mineral Reserve,<Null>,Mineral Reserves Table,Lundin Mining (2018b),<Null>
77,MI00001,Mo00362,Eagle,7/18/2018,nickel,2017,ore,-77000,tonnes,1,percent,<Null>,<Null>,1000,tonnes,-77000,metric tons,1,percent,<Null>,<Null>,1000,metric tons,Ni,Inferred,Mineral Resource,<Null>,Mineral Resources Table,Lundin Mining (2018b),<Null>
78,MI00001,Mo00362,Eagle,7/18/2018,gold,2017,ore,-1235000,tonnes,0.3,grams per tonne,<Null>,<Null>,370000.111,grams,-1235000,metric tons,0.3,grams per metric ton,<Null>,<Null>,0.37111,metric tons,Au,Proven,Mineral Reserve,<Null>,Mineral Reserves Table,Lundin Mining (2018b),<Null>
79,MI00001,Mo00362,Eagle,7/18/2018,palladium,2016,ore,-44000,tonnes,0.2,grams per tonne,<Null>,<Null>,8800.111,grams,-44000,metric tons,0.2,grams per metric ton,<Null>,<Null>,0.008811,metric tons,Pd,Inferred,Mineral Resource,CIM,"Page 14-2, Table 14-1",Clow and others (2017),<Null>
80,MI00001,Mo00362,Eagle,7/18/2018,platinum,2016,ore,-44000,tonnes,0.3,grams per tonne,<Null>,<Null>,13000.111,grams,-44000,metric tons,0.3,grams per metric ton,<Null>,<Null>,0.013111,metric tons,Pt,Inferred,Mineral Resource,CIM,"Page 14-2, Table 14-1",Clow and others (2017),<Null>
81,MI00001,Mo00362,Eagle,7/18/2018,platinum,2016,ore,-1198000,tonnes,0.9,grams per tonne,<Null>,<Null>,30000,ounces,-1198000,metric tons,0.9,grams per metric ton,<Null>,<Null>,1.1111,metric tons,Pt,Measured,Mineral Resource,CIM,"Page 14-2, Table 14-1",Clow and others (2017),<Null>
82,MI00001,Mo00362,Eagle,7/19/2018,palladium,2016,ore,-2148000,tonnes,0.2,grams per tonne,142,dollars per ton NSR,20000,ounces,-2148000,metric tons,0.2,grams per metric ton,129.111,dollars per metric ton NSR,0.43111,metric tons,Pd,Probable,Mineral Reserve,CIM,"Page 15-2, Table 15-1",Clow and others (2017),<Null>
83,MI00001,Mo00362,Eagle,7/18/2018,gold,2017,ore,-1955000,tonnes,0.2,grams per tonne,<Null>,<Null>,390000.111,grams,-1955000,metric tons,0.2,grams per metric ton,<Null>,<Null>,0.39111,metric tons,Au,Probable,Mineral Reserve,<Null>,Mineral Reserves Table,Lundin Mining (2018b),<Null>
84,MI00001,Mo00362,Eagle,7/18/2018,palladium,2016,ore,-1198000,tonnes,0.6,grams per tonne,<Null>,<Null>,20000,ounces,-1198000,metric tons,0.6,grams per metric ton,<Null>,<Null>,0.72111,metric tons,Pd,Measured,Mineral Resource,CIM,"Page 14-2, Table 14-1",Clow and others (2017),<Null>
85,MI00001,Mo00362,Eagle,7/18/2018,nickel,2017,ore,-1955000,tonnes,1.8,percent,<Null>,<Null>,36000,tonnes,-1955000,metric tons,1.8,percent,<Null>,<Null>,36000,metric tons,Ni,Probable,Mineral Reserve,<Null>,Mineral Reserves Table,Lundin Mining (2018b),<Null>
86,MI00001,Mo00362,Eagle,7/18/2018,nickel,2017,ore,-1748000,tonnes,2.4,percent,<Null>,<Null>,43000,tonnes,-1748000,metric tons,2.4,percent,<Null>,<Null>,43000,metric tons,Ni,Indicated,Mineral Resource,<Null>,Mineral Resources Table,Lundin Mining (2018b),<Null>
87,MI00001,Mo00362,Eagle,7/18/2018,gold,2017,ore,-1748000,tonnes,0.2,grams per tonne,<Null>,<Null>,350000.111,grams,-1748000,metric tons,0.2,grams per metric ton,<Null>,<Null>,0.35111,metric tons,Au,Indicated,Mineral Resource,<Null>,Mineral Resources Table,Lundin Mining (2018b),<Null>
88,MI00001,Mo00362,Eagle,7/18/2018,gold,2017,ore,-77000,tonnes,0.1,grams per tonne,<Null>,<Null>,7700.111,grams,-77000,metric tons,0.1,grams per metric ton,<Null>,<Null>,0.008111,metric tons,Au,Inferred,Mineral Resource,<Null>,Mineral Resources Table,Lundin Mining (2018b),<Null>
89,MI00001,Mo00362,Eagle,7/19/2018,platinum,2016,ore,-2148000,tonnes,0.4,grams per tonne,142,dollars per ton NSR,30000,ounces,-2148000,metric tons,0.4,grams per metric ton,129.111,dollars per metric ton NSR,0.86111,metric tons,Pt,Probable,Mineral Reserve,CIM,"Page 15-2, Table 15-1",Clow and others (2017),<Null>
90,MI00001,Mo00362,Eagle,7/18/2018,gold,2017,ore,-1408000,tonnes,0.3,grams per tonne,<Null>,<Null>,420000.111,grams,-1408000,metric tons,0.3,grams per metric ton,<Null>,<Null>,0.42111,metric tons,Au,Measured,Mineral Resource,<Null>,Mineral Resources Table,Lundin Mining (2018b),<Null>
91,MI00001,Mo00362,Eagle,7/18/2018,copper,2017,ore,-1235000,tonnes,2.5,percent,<Null>,<Null>,31000,tonnes,-1235000,metric tons,2.5,percent,<Null>,<Null>,31000,metric tons,Cu,Proven,Mineral Reserve,<Null>,Mineral Reserves Table,Lundin Mining (2018b),<Null>
92,MI00001,Mo00362,Eagle,7/18/2018,copper,2017,ore,-1955000,tonnes,1.7,percent,<Null>,<Null>,33000,tonnes,-1955000,metric tons,1.7,percent,<Null>,<Null>,33000,metric tons,Cu,Probable,Mineral Reserve,<Null>,Mineral Reserves Table,Lundin Mining (2018b),<Null>
93,MI00001,Mo00362,Eagle,7/18/2018,palladium,2016,ore,-2146000,tonnes,0.3,grams per tonne,<Null>,<Null>,20000,ounces,-2146000,metric tons,0.3,grams per metric ton,<Null>,<Null>,0.64111,metric tons,Pd,Indicated,Mineral Resource,CIM,"Page 14-2, Table 14-1",Clow and others (2017),<Null>
94,MI00001,Mo00362,Eagle,7/18/2018,copper,2017,ore,-1408000,tonnes,2.8,percent,<Null>,<Null>,40000,tonnes,-1408000,metric tons,2.8,percent,<Null>,<Null>,40000,metric tons,Cu,Measured,Mineral Resource,<Null>,Mineral Resources Table,Lundin Mining (2018b),<Null>
95,MI00001,Mo00362,Eagle,7/18/2018,cobalt,2017,ore,-1955000,tonnes,0.1,percent,<Null>,<Null>,1000,tonnes,-1955000,metric tons,0.1,percent,<Null>,<Null>,1000,metric tons,Co,Probable,Mineral Reserve,<Null>,Mineral Reserves Table,Lundin Mining (2018b),<Null>
96,MI00001,Mo00362,Eagle,7/19/2018,platinum,2016,ore,-1129000,tonnes,0.7,grams per tonne,142,dollars per ton NSR,30000,ounces,-1129000,metric tons,0.7,grams per metric ton,129.111,dollars per metric ton NSR,0.79111,metric tons,Pt,Proven,Mineral Reserve,CIM,"Page 15-2, Table 15-1",Clow and others (2017),<Null>
97,MI00001,Mo00363,Eagle East,7/19/2018,copper,2016,ore,-290000,tonnes,1.4,percent,160,dollars per ton NSR,4100,tonnes,-290000,metric tons,1.4,percent,145.111,dollars per metric ton NSR,4100,metric tons,Cu,Inferred,Mineral Resource,CIM,"Page 14-2, Table 14-1",Clow and others (2017),<Null>
98,MI00001,Mo00363,Eagle East,7/19/2018,cobalt,2016,ore,-1544000,tonnes,0.1,percent,160,dollars per ton NSR,1500,tonnes,-1544000,metric tons,0.1,percent,145.111,dollars per metric ton NSR,1500,metric tons,Co,Probable,Mineral Reserve,CIM,"Page 15-2, Table 15-1",Clow and others (2017),<Null>
99,MI00001,Mo00363,Eagle East,7/19/2018,cobalt,2016,ore,-1293000,tonnes,0.1,percent,160,dollars per ton NSR,1300,tonnes,-1293000,metric tons,0.1,percent,145.111,dollars per metric ton NSR,1300,metric tons,Co,Indicated,Mineral Resource,CIM,"Page 14-2, Table 14-1",Clow and others (2017),<Null>
100,MI00001,Mo00363,Eagle East,7/19/2018,platinum,2016,ore,-290000,tonnes,0.5,grams per tonne,160,dollars per ton NSR,150000.111,grams,-290000,metric tons,0.5,grams per metric ton,145.111,dollars per metric ton NSR,0.15111,metric tons,Pt,Inferred,Mineral Resource,CIM,"Page 14-2, Table 14-1",Clow and others (2017),<Null>
101,MI00001,Mo00363,Eagle East,7/19/2018,silver,2016,ore,-290000,tonnes,6,grams per tonne,160,dollars per ton NSR,60000,ounces,-290000,metric tons,6,grams per metric ton,145.111,dollars per metric ton NSR,1.7111,metric tons,Ag,Inferred,Mineral Resource,CIM,"Page 14-2, Table 14-1",Clow and others (2017),<Null>
102,MI00001,Mo00363,Eagle East,7/19/2018,palladium,2016,ore,-290000,tonnes,0.3,grams per tonne,160,dollars per ton NSR,87000.111,grams,-290000,metric tons,0.3,grams per metric ton,145.111,dollars per metric ton NSR,0.087111,metric tons,Pd,Inferred,Mineral Resource,CIM,"Page 14-2, Table 14-1",Clow and others (2017),<Null>
103,MI00001,Mo00363,Eagle East,7/19/2018,silver,2016,ore,-1544000,tonnes,10.6,grams per tonne,160,dollars per ton NSR,40000,ounces,-1544000,metric tons,10.6,grams per metric ton,145.111,dollars per metric ton NSR,16.4111,metric tons,Ag,Probable,Mineral Reserve,CIM,"Page 15-2, Table 15-1",Clow and others (2017),<Null>
104,MI00001,Mo00363,Eagle East,7/19/2018,gold,2016,ore,-290000,tonnes,0.2,grams per tonne,160,dollars per ton NSR,58000.111,grams,-290000,metric tons,0.2,grams per metric ton,145.111,dollars per metric ton NSR,1.7111,metric tons,Au,Inferred,Mineral Resource,CIM,"Page 14-2, Table 14-1",Clow and others (2017),<Null>
105,MI00001,Mo00363,Eagle East,7/19/2018,palladium,2016,ore,-1293000,tonnes,1.3,grams per tonne,160,dollars per ton NSR,50000,ounces,-1293000,metric tons,1.3,grams per metric ton,145.111,dollars per metric ton NSR,1.7111,metric tons,Pd,Indicated,Mineral Resource,CIM,"Page 14-2, Table 14-1",Clow and others (2017),<Null>
106,MI00001,Mo00363,Eagle East,7/19/2018,silver,2016,ore,-1293000,tonnes,15.3,grams per tonne,160,dollars per ton NSR,640000,ounces,-1293000,metric tons,15.3,grams per metric ton,145.111,dollars per metric ton NSR,20.111,metric tons,Ag,Indicated,Mineral Resource,CIM,"Page 14-2, Table 14-1",Clow and others (2017),<Null>
107,MI00001,Mo00363,Eagle East,7/19/2018,nickel,2016,ore,-290000,tonnes,1.7,percent,160,dollars per ton NSR,4900,tonnes,-290000,metric tons,1.7,percent,145.111,dollars per metric ton NSR,4900,metric tons,Ni,Inferred,Mineral Resource,CIM,"Page 14-2, Table 14-1",Clow and others (2017),<Null>
108,MI00001,Mo00363,Eagle East,7/19/2018,nickel,2016,ore,-1544000,tonnes,3.7,percent,160,dollars per ton NSR,57100,tonnes,-1544000,metric tons,3.7,percent,145.111,dollars per metric ton NSR,57100,metric tons,Ni,Probable,Mineral Reserve,CIM,"Page 15-2, Table 15-1",Clow and others (2017),<Null>
109,MI00001,Mo00363,Eagle East,7/19/2018,gold,2016,ore,-1544000,tonnes,0.4,grams per tonne,160,dollars per ton NSR,60000,ounces,-1544000,metric tons,0.4,grams per metric ton,145.111,dollars per metric ton NSR,0.62111,metric tons,Au,Probable,Mineral Reserve,CIM,"Page 15-2, Table 15-1",Clow and others (2017),<Null>
110,MI00001,Mo00363,Eagle East,7/19/2018,gold,2016,ore,-1293000,tonnes,0.5,grams per tonne,160,dollars per ton NSR,20000,ounces,-1293000,metric tons,0.5,grams per metric ton,145.111,dollars per metric ton NSR,0.65111,metric tons,Au,Indicated,Mineral Resource,CIM,"Page 14-2, Table 14-1",Clow and others (2017),<Null>
111,MI00001,Mo00363,Eagle East,7/19/2018,copper,2016,ore,-1544000,tonnes,3,percent,160,dollars per ton NSR,46300,tonnes,-1544000,metric tons,3,percent,145.111,dollars per metric ton NSR,46300,metric tons,Cu,Probable,Mineral Reserve,CIM,"Page 15-2, Table 15-1",Clow and others (2017),<Null>
112,MI00001,Mo00363,Eagle East,7/19/2018,copper,2016,ore,-1293000,tonnes,4.2,percent,160,dollars per ton NSR,54300,tonnes,-1293000,metric tons,4.2,percent,145.111,dollars per metric ton NSR,54300,metric tons,Cu,Indicated,Mineral Resource,CIM,"Page 14-2, Table 14-1",Clow and others (2017),<Null>
113,MI00001,Mo00363,Eagle East,7/19/2018,palladium,2016,ore,-1544000,tonnes,0.9,grams per tonne,160,dollars per ton NSR,530000,ounces,-1544000,metric tons,0.9,grams per metric ton,145.111,dollars per metric ton NSR,1.4111,metric tons,Pd,Probable,Mineral Reserve,CIM,"Page 15-2, Table 15-1",Clow and others (2017),<Null>
114,MI00001,Mo00363,Eagle East,7/19/2018,platinum,2016,ore,-1293000,tonnes,1.7,grams per tonne,160,dollars per ton NSR,70000,ounces,-1293000,metric tons,1.7,grams per metric ton,145.111,dollars per metric ton NSR,2.2111,metric tons,Pt,Indicated,Mineral Resource,CIM,"Page 14-2, Table 14-1",Clow and others (2017),<Null>
115,MI00001,Mo00363,Eagle East,7/19/2018,platinum,2016,ore,-1544000,tonnes,1.2,grams per tonne,160,dollars per ton NSR,20000,ounces,-1544000,metric tons,1.2,grams per metric ton,145.111,dollars per metric ton NSR,1.9111,metric tons,Pt,Probable,Mineral Reserve,CIM,"Page 15-2, Table 15-1",Clow and others (2017),<Null>
116,MI00001,Mo00363,Eagle East,7/19/2018,nickel,2016,ore,-1293000,tonnes,5.2,percent,160,dollars per ton NSR,67200,tonnes,-1293000,metric tons,5.2,percent,145.111,dollars per metric ton NSR,67200,metric tons,Ni,Indicated,Mineral Resource,CIM,"Page 14-2, Table 14-1",Clow and others (2017),<Null>
117,MN00002,Mo00746,NorthMet,7/17/2018,silver,2018,ore,-254669000,tons,1.06,parts per million,<Null>,<Null>,270.111,tons,-231032000.1,metric tons,1.06,parts per million,<Null>,<Null>,245.111,metric tons,Ag,Proven plus Probable,Mineral Reserve,CIM,"Page 22, Table 1-1",Black and others (2018),<Null>
118,MN00002,Mo00746,NorthMet,7/17/2018,nickel,2018,ore,-649300000,tons,0.074,percent,0.496,percent copper equivalent,480000.111,tons,-589000000.1,metric tons,0.074,percent,0.496,percent copper equivalent,440000.111,metric tons,Ni,Measured plus Indicated,Mineral Resource,CIM,"Page 23, Table 1-2",Black and others (2018),<Null>
119,MN00002,Mo00746,NorthMet,7/17/2018,silver,2018,ore,-508900000,tons,0.93,parts per million,0.489,percent copper equivalent,470.111,tons,-461700000.1,metric tons,0.93,parts per million,0.489,percent copper equivalent,430.111,metric tons,Ag,Inferred,Mineral Resource,CIM,"Page 23, Table 1-2",Black and others (2018),<Null>
120,MN00002,Mo00746,NorthMet,7/17/2018,silver,2018,ore,-649300000,tons,0.91,parts per million,0.496,percent copper equivalent,590.111,tons,-589000000.1,metric tons,0.91,parts per million,0.496,percent copper equivalent,540.111,metric tons,Ag,Measured plus Indicated,Mineral Resource,CIM,"Page 23, Table 1-2",Black and others (2018),<Null>
121,MN00002,Mo00746,NorthMet,7/17/2018,cobalt,2018,ore,-508900000,tons,66,parts per million,0.489,percent copper equivalent,34000.111,tons,-461700000.1,metric tons,66,parts per million,0.489,percent copper equivalent,30000.111,metric tons,Co,Inferred,Mineral Resource,CIM,"Page 23, Table 1-2",Black and others (2018),<Null>
122,MN00002,Mo00746,NorthMet,7/17/2018,cobalt,2017,ore,923900000,metric tons,0.01,percent,<Null>,<Null>,92000,metric tons,923900000,metric tons,0.01,percent,<Null>,<Null>,92000,metric tons,Co,<Null>,Resources inclusive of Reserves,<Null>,"Page F38, Table F1",Slack and others (2017),<Null>
123,MN00002,Mo00746,NorthMet,7/17/2018,gold,2018,ore,-649300000,tons,33,parts per billion,0.496,percent copper equivalent,21.111,tons,-589000000.1,metric tons,33,parts per billion,0.496,percent copper equivalent,19.111,metric tons,Au,Measured plus Indicated,Mineral Resource,CIM,"Page 23, Table 1-2",Black and others (2018),<Null>
124,MN00002,Mo00746,NorthMet,7/17/2018,nickel,2018,ore,-254669000,tons,0.084,percent,<Null>,<Null>,210000.111,tons,-231032000.1,metric tons,0.084,percent,<Null>,<Null>,190000.111,metric tons,Ni,Proven plus Probable,Mineral Reserve,CIM,"Page 22, Table 1-1",Black and others (2018),<Null>
125,MN00002,Mo00746,NorthMet,7/17/2018,palladium,2018,ore,-649300000,tons,221,parts per billion,0.496,percent copper equivalent,144.111,tons,-589000000.1,metric tons,221,parts per billion,0.496,percent copper equivalent,130.111,metric tons,Pd,Measured plus Indicated,Mineral Resource,CIM,"Page 23, Table 1-2",Black and others (2018),<Null>
126,MN00002,Mo00746,NorthMet,7/17/2018,copper,2018,ore,-254669000,tons,0.294,percent,<Null>,<Null>,749000.111,tons,-231032000.1,metric tons,0.294,percent,<Null>,<Null>,679000.111,metric tons,Cu,Proven plus Probable,Mineral Reserve,CIM,"Page 22, Table 1-1",Black and others (2018),<Null>
127,MN00002,Mo00746,NorthMet,7/17/2018,palladium,2018,ore,-508900000,tons,234,parts per billion,0.489,percent copper equivalent,119.111,tons,-461700000.1,metric tons,234,parts per billion,0.489,percent copper equivalent,108.111,metric tons,Pd,Inferred,Mineral Resource,CIM,"Page 23, Table 1-2",Black and others (2018),<Null>
128,MN00002,Mo00746,NorthMet,7/17/2018,platinum,2018,ore,-649300000,tons,65,parts per billion,0.496,percent copper equivalent,42.111,tons,-589000000.1,metric tons,65,parts per billion,0.496,percent copper equivalent,38.111,metric tons,Pt,Measured plus Indicated,Mineral Resource,CIM,"Page 23, Table 1-2",Black and others (2018),<Null>
129,MN00002,Mo00746,NorthMet,7/17/2018,copper,2018,ore,-649300000,tons,0.24,percent,0.496,percent copper equivalent,1590000.111,tons,-589000000.1,metric tons,0.245,percent,0.496,percent copper equivalent,1440000.111,metric tons,Cu,Measured plus Indicated,Mineral Resource,CIM,"Page 23, Table 1-2",Black and others (2018),<Null>
130,MN00002,Mo00746,NorthMet,7/17/2018,cobalt,2018,ore,-254669000,tons,74.42,parts per million,<Null>,<Null>,18950.111,tons,-231032000.1,metric tons,74.42,parts per million,<Null>,<Null>,17190.111,metric tons,Co,Proven plus Probable,Mineral Reserve,CIM,"Page 22, Table 1-1",Black and others (2018),<Null>
131,MN00002,Mo00746,NorthMet,7/17/2018,copper,2018,ore,-508900000,tons,0.24,percent,0.489,percent copper equivalent,1220000.111,tons,-461700000.1,metric tons,0.24,percent,0.489,percent copper equivalent,1110000.111,metric tons,Cu,Inferred,Mineral Resource,CIM,"Page 23, Table 1-2",Black and others (2018),<Null>
132,MN00002,Mo00746,NorthMet,7/17/2018,palladium,2018,ore,-254669000,tons,268,parts per billion,<Null>,<Null>,68.3111,tons,-231032000.1,metric tons,268,parts per billion,<Null>,<Null>,61.9111,metric tons,Pd,Proven plus Probable,Mineral Reserve,CIM,"Page 22, Table 1-1",Black and others (2018),<Null>
133,MN00002,Mo00746,NorthMet,7/17/2018,platinum,2018,ore,-254669000,tons,80,parts per billion,<Null>,<Null>,20.111,tons,-231032000.1,metric tons,80,parts per billion,<Null>,<Null>,18.111,metric tons,Pt,Proven plus Probable,Mineral Reserve,CIM,"Page 22, Table 1-1",Black and others (2018),<Null>
134,MN00002,Mo00746,NorthMet,7/17/2018,nickel,2018,ore,-508900000,tons,0.07,percent,0.489,percent copper equivalent,360000.111,tons,-461700000.1,metric tons,0.07,percent,0.489,percent copper equivalent,320000.111,metric tons,Ni,Inferred,Mineral Resource,CIM,"Page 23, Table 1-2",Black and others (2018),<Null>
135,MN00002,Mo00746,NorthMet,7/17/2018,cobalt,2018,ore,-649300000,tons,71,parts per million,0.496,percent copper equivalent,46000.111,tons,-589000000.1,metric tons,71,parts per million,0.496,percent copper equivalent,42000.111,metric tons,Co,Measured plus Indicated,Mineral Resource,CIM,"Page 23, Table 1-2",Black and others (2018),<Null>
136,MN00002,Mo00746,NorthMet,7/17/2018,gold,2018,ore,-508900000,tons,37,parts per billion,0.489,percent copper equivalent,19.111,tons,-461700000.1,metric tons,37,parts per billion,0.489,percent copper equivalent,17.111,metric tons,Au,Inferred,Mineral Resource,CIM,"Page 23, Table 1-2",Black and others (2018),<Null>
137,MN00002,Mo00746,NorthMet,7/17/2018,platinum,2018,ore,-508900000,tons,72,parts per billion,0.489,percent copper equivalent,37.111,tons,-461700000.1,metric tons,72,parts per billion,0.489,percent copper equivalent,33.111,metric tons,Pt,Inferred,Mineral Resource,CIM,"Page 23, Table 1-2",Black and others (2018),<Null>
138,MN00002,Mo00746,NorthMet,7/17/2018,gold,2018,ore,-254669000,tons,39,parts per billion,<Null>,<Null>,9.9111,tons,-231032000.1,metric tons,39,parts per billion,<Null>,<Null>,9.0111,metric tons,Au,Proven plus Probable,Mineral Reserve,CIM,"Page 22, Table 1-1",Black and others (2018),<Null>
139,MN00003,Mo00719,Birch Lake,7/18/2018,platinum,2014,ore,-239000000,short tons,0.18,parts per million,30,dollars per short tons NSR,1300000,ounces,-217000000.1,metric tons,0.18,parts per million,33.07111,dollars per metric tons NSR,39.111,metric tons,Pt,Inferred,Mineral Resource,CIM,"Page 14-39, Table 14-20",Barber and others (2014),<Null>
140,MN00003,Mo00719,Birch Lake,7/18/2018,palladium,2014,ore,-99700000,short tons,0.515,parts per million,30,dollars per short tons NSR,1500000,ounces,-90400000.11,metric tons,0.515,parts per million,33.07111,dollars per metric tons NSR,46.6111,metric tons,Pd,Indicated,Mineral Resource,CIM,"Page 14-39, Table 14-20",Barber and others (2014),<Null>
141,MN00003,Mo00719,Birch Lake,7/18/2018,copper,2014,ore,-99700000,short tons,0.52,percent,30,dollars per short tons NSR,1037000000,pounds,-90400000.11,metric tons,0.52,percent,33.07111,dollars per metric tons NSR,470000.111,metric tons,Cu,Indicated,Mineral Resource,CIM,"Page 14-39, Table 14-20",Barber and others (2014),<Null>
142,MN00003,Mo00719,Birch Lake,7/18/2018,gold,2014,ore,-99700000,short tons,0.115,parts per million,30,dollars per short tons NSR,300000,ounces,-90400000.11,metric tons,0.115,parts per million,33.07111,dollars per metric tons NSR,10.4111,metric tons,Au,Indicated,Mineral Resource,CIM,"Page 14-39, Table 14-20",Barber and others (2014),<Null>
143,MN00003,Mo00719,Birch Lake,7/18/2018,nickel,2014,ore,-99700000,short tons,0.16,percent,30,dollars per short tons NSR,319000000,pounds,-90400000.11,metric tons,0.16,percent,33.07111,dollars per metric tons NSR,140000.111,metric tons,Ni,Indicated,Mineral Resource,CIM,"Page 14-39, Table 14-20",Barber and others (2014),<Null>
144,MN00003,Mo00719,Birch Lake,7/18/2018,nickel,2014,ore,-239000000,short tons,0.15,percent,30,dollars per short tons NSR,707000000,pounds,-217000000.1,metric tons,0.15,percent,33.07111,dollars per metric tons NSR,330000.111,metric tons,Ni,Inferred,Mineral Resource,CIM,"Page 14-39, Table 14-20",Barber and others (2014),<Null>
145,MN00003,Mo00719,Birch Lake,7/18/2018,palladium,2014,ore,-239000000,short tons,0.37,parts per million,30,dollars per short tons NSR,2600000,ounces,-217000000.1,metric tons,0.37,parts per million,33.07111,dollars per metric tons NSR,80.111,metric tons,Pd,Inferred,Mineral Resource,CIM,"Page 14-39, Table 14-20",Barber and others (2014),<Null>
146,MN00003,Mo00719,Birch Lake,7/18/2018,platinum,2014,ore,-99700000,short tons,0.235,parts per million,30,dollars per short tons NSR,700000,ounces,-90400000.11,metric tons,0.235,parts per million,33.07111,dollars per metric tons NSR,21.3111,metric tons,Pt,Indicated,Mineral Resource,CIM,"Page 14-39, Table 14-20",Barber and others (2014),<Null>
147,MN00003,Mo00719,Birch Lake,7/18/2018,copper,2014,ore,-239000000,short tons,0.46,percent,30,dollars per short tons NSR,2189000000,pounds,-217000000.1,metric tons,0.46,percent,33.07111,dollars per metric tons NSR,1000000.111,metric tons,Cu,Inferred,Mineral Resource,CIM,"Page 14-39, Table 14-20",Barber and others (2014),<Null>
148,MN00003,Mo00719,Birch Lake,7/18/2018,gold,2014,ore,-239000000,short tons,0.087,parts per million,30,dollars per short tons NSR,600000,ounces,-217000000.1,metric tons,0.087,parts per million,33.07111,dollars per metric tons NSR,19.111,metric tons,Au,Inferred,Mineral Resource,CIM,"Page 14-39, Table 14-20",Barber and others (2014),<Null>
149,MN00003,Mo00720,Maturi Southwest,7/18/2018,palladium,2014,ore,-102600000,short tons,0.185,parts per million,21.66,dollars per short tons NSR,600000,ounces,-93080000.11,metric tons,0.185,parts per million,23.88111,dollars per metric tons NSR,17.2111,metric tons,Pd,Indicated,Mineral Resource,CIM,"Page 14-37, Table 14-18",Barber and others (2014),<Null>
150,MN00003,Mo00720,Maturi Southwest,7/18/2018,copper,2014,ore,-102600000,short tons,0.48,percent,21.66,dollars per short tons NSR,976000000,pounds,-93080000.11,metric tons,0.48,percent,23.88111,dollars per metric tons NSR,450000.111,metric tons,Cu,Indicated,Mineral Resource,CIM,"Page 14-37, Table 14-18",Barber and others (2014),<Null>
151,MN00003,Mo00720,Maturi Southwest,7/18/2018,copper,2014,ore,-32300000,short tons,0.43,percent,21.66,dollars per short tons NSR,281000000,pounds,-29300000.11,metric tons,0.43,percent,23.88111,dollars per metric tons NSR,130000.111,metric tons,Cu,Inferred,Mineral Resource,CIM,"Page 14-37, Table 14-18",Barber and others (2014),<Null>
152,MN00003,Mo00720,Maturi Southwest,7/18/2018,platinum,2014,ore,-32300000,short tons,0.065,parts per million,21.66,dollars per short tons NSR,100000,ounces,-29300000.11,metric tons,0.065,parts per million,23.88111,dollars per metric tons NSR,1.9111,metric tons,Pt,Inferred,Mineral Resource,CIM,"Page 14-37, Table 14-18",Barber and others (2014),<Null>
153,MN00003,Mo00720,Maturi Southwest,7/18/2018,palladium,2014,ore,-32300000,short tons,0.157,parts per million,21.66,dollars per short tons NSR,100000,ounces,-29300000.11,metric tons,0.157,parts per million,23.88111,dollars per metric tons NSR,4.6111,metric tons,Pd,Inferred,Mineral Resource,CIM,"Page 14-37, Table 14-18",Barber and others (2014),<Null>
154,MN00003,Mo00720,Maturi Southwest,7/18/2018,cobalt,2014,ore,-102600000,short tons,108.1,parts per million,21.66,dollars per short tons NSR,22000000,pounds,-93080000.11,metric tons,108.1,parts per million,23.88111,dollars per metric tons NSR,10060.111,metric tons,Co,Indicated,Mineral Resource,CIM,"Page 14-37, Table 14-18",Barber and others (2014),<Null>
155,MN00003,Mo00720,Maturi Southwest,7/18/2018,cobalt,2014,ore,-32300000,short tons,102.2,parts per million,21.66,dollars per short tons NSR,7000000,pounds,-29300000.11,metric tons,102.2,parts per million,23.88111,dollars per metric tons NSR,2995.111,metric tons,Co,Inferred,Mineral Resource,CIM,"Page 14-37, Table 14-18",Barber and others (2014),<Null>
156,MN00003,Mo00720,Maturi Southwest,7/18/2018,nickel,2014,ore,-102600000,short tons,0.17,percent,21.66,dollars per short tons NSR,340000000,pounds,-93080000.11,metric tons,0.17,percent,23.88111,dollars per metric tons NSR,160000.111,metric tons,Ni,Indicated,Mineral Resource,CIM,"Page 14-37, Table 14-18",Barber and others (2014),<Null>
157,MN00003,Mo00720,Maturi Southwest,7/18/2018,gold,2014,ore,-102600000,short tons,0.048,parts per million,21.66,dollars per short tons NSR,100000,ounces,-93080000.11,metric tons,0.048,parts per million,23.88111,dollars per metric tons NSR,4.5111,metric tons,Au,Indicated,Mineral Resource,CIM,"Page 14-37, Table 14-18",Barber and others (2014),<Null>
158,MN00003,Mo00720,Maturi Southwest,7/18/2018,nickel,2014,ore,-32300000,short tons,0.15,percent,21.66,dollars per short tons NSR,97000000,pounds,-29300000.11,metric tons,0.15,percent,23.88111,dollars per metric tons NSR,44000.111,metric tons,Ni,Inferred,Mineral Resource,CIM,"Page 14-37, Table 14-18",Barber and others (2014),<Null>
159,MN00003,Mo00720,Maturi Southwest,7/18/2018,gold,2014,ore,-32300000,short tons,0.041,parts per million,21.66,dollars per short tons NSR,1.3111,short tons,-29300000.11,metric tons,0.041,parts per million,23.88111,dollars per metric tons NSR,1.2111,metric tons,Au,Inferred,Mineral Resource,CIM,"Page 14-37, Table 14-18",Barber and others (2014),<Null>
160,MN00003,Mo00720,Maturi Southwest,7/18/2018,silver,2014,ore,-102600000,short tons,1.59,parts per million,21.66,dollars per short tons NSR,4700000,ounces,-93080000.11,metric tons,1.58,parts per million,23.88111,dollars per metric tons NSR,147.111,metric tons,Ag,Indicated,Mineral Resource,CIM,"Page 14-37, Table 14-18",Barber and others (2014),<Null>
161,MN00003,Mo00720,Maturi Southwest,7/18/2018,silver,2014,ore,-32300000,short tons,1.43,parts per million,21.66,dollars per short tons NSR,1300000,ounces,-29300000.11,metric tons,1.43,parts per million,23.88111,dollars per metric tons NSR,41.9111,metric tons,Ag,Inferred,Mineral Resource,CIM,"Page 14-37, Table 14-18",Barber and others (2014),<Null>
162,MN00003,Mo00720,Maturi Southwest,7/18/2018,platinum,2014,ore,-102600000,short tons,0.08,parts per million,21.66,dollars per short tons NSR,200000,ounces,-93080000.11,metric tons,0.08,parts per million,23.88111,dollars per metric tons NSR,7.5111,metric tons,Pt,Indicated,Mineral Resource,CIM,"Page 14-37, Table 14-18",Barber and others (2014),<Null>
163,MN00003,Mo00721,Maturi,7/17/2018,nickel,2014,ore,-1130000000,short tons,0.19,percent,21.66,dollars per short tons NSR,4286000000,pounds,-1030000000,metric tons,0.19,percent,23.88111,dollars per metric tons NSR,1900000.111,metric tons,Ni,Measured plus Indicated,Mineral Resource,CIM,"Page 14-35, Table 14-16",Barber and others (2014),<Null>
164,MN00003,Mo00721,Maturi,7/17/2018,gold,2014,ore,-530600000,short tons,0.07,parts per million,21.66,dollars per short tons NSR,1100000,ounces,-481400000.1,metric tons,0.07,parts per million,23.88111,dollars per metric tons NSR,34.111,metric tons,Au,Inferred,Mineral Resource,CIM,"Page 14-35, Table 14-16",Barber and others (2014),<Null>
165,MN00003,Mo00721,Maturi,7/17/2018,nickel,2014,ore,-530600000,short tons,0.16,percent,21.66,dollars per short tons NSR,1730000000,pounds,-481400000.1,metric tons,0.16,percent,23.88111,dollars per metric tons NSR,770000.111,metric tons,Ni,Inferred,Mineral Resource,CIM,"Page 14-35, Table 14-16",Barber and others (2014),<Null>
166,MN00003,Mo00721,Maturi,7/17/2018,cobalt,2014,ore,-530600000,short tons,97.6,parts per million,21.66,dollars per short tons NSR,104000000,pounds,-481400000.1,metric tons,97.6,parts per million,23.88111,dollars per metric tons NSR,47000.111,metric tons,Co,Inferred,Mineral Resource,CIM,"Page 14-35, Table 14-16",Barber and others (2014),<Null>
167,MN00003,Mo00721,Maturi,7/17/2018,platinum,2014,ore,-530600000,short tons,0.138,parts per million,21.66,dollars per short tons NSR,2100000,ounces,-481400000.1,metric tons,0.138,parts per million,23.88111,dollars per metric tons NSR,66.4111,metric tons,Pt,Inferred,Mineral Resource,CIM,"Page 14-35, Table 14-16",Barber and others (2014),<Null>
168,MN00003,Mo00721,Maturi,7/17/2018,palladium,2014,ore,-1130000000,short tons,0.347,parts per million,21.66,dollars per short tons NSR,11400000,ounces,-1030000000,metric tons,0.347,parts per million,23.88111,dollars per metric tons NSR,356.111,metric tons,Pd,Measured plus Indicated,Mineral Resource,CIM,"Page 14-35, Table 14-16",Barber and others (2014),<Null>
169,MN00003,Mo00721,Maturi,7/17/2018,cobalt,2014,ore,-1130000000,short tons,104.5,parts per million,21.66,dollars per short tons NSR,236000000,pounds,-1030000000,metric tons,104.5,parts per million,23.88111,dollars per metric tons NSR,107100.111,metric tons,Co,Measured plus Indicated,Mineral Resource,CIM,"Page 14-35, Table 14-16",Barber and others (2014),<Null>
170,MN00003,Mo00721,Maturi,7/17/2018,gold,2014,ore,-1130000000,short tons,0.083,parts per million,21.66,dollars per short tons NSR,2700000,ounces,-1030000000,metric tons,0.083,parts per million,23.88111,dollars per metric tons NSR,85.111,metric tons,Au,Measured plus Indicated,Mineral Resource,CIM,"Page 14-35, Table 14-16",Barber and others (2014),<Null>
171,MN00003,Mo00721,Maturi,7/17/2018,silver,2014,ore,-530600000,short tons,1.81,parts per million,21.66,dollars per short tons NSR,28000000,ounces,-481400000.1,metric tons,1.81,parts per million,23.88111,dollars per metric tons NSR,871.111,metric tons,Ag,Inferred,Mineral Resource,CIM,"Page 14-35, Table 14-16",Barber and others (2014),<Null>
172,MN00003,Mo00721,Maturi,7/17/2018,silver,2014,ore,-1130000000,short tons,2.14,parts per million,21.66,dollars per short tons NSR,70700000,ounces,-1030000000,metric tons,2.14,parts per million,23.88111,dollars per metric tons NSR,2190.111,metric tons,Ag,Measured plus Indicated,Mineral Resource,CIM,"Page 14-35, Table 14-16",Barber and others (2014),<Null>
173,MN00003,Mo00721,Maturi,7/17/2018,palladium,2014,ore,-530600000,short tons,0.314,parts per million,21.66,dollars per short tons NSR,4900000,ounces,-481400000.1,metric tons,0.314,parts per million,23.88111,dollars per metric tons NSR,151.111,metric tons,Pd,Inferred,Mineral Resource,CIM,"Page 14-35, Table 14-16",Barber and others (2014),<Null>
174,MN00003,Mo00721,Maturi,7/17/2018,platinum,2014,ore,-1130000000,short tons,0.153,parts per million,21.66,dollars per short tons NSR,5000000,ounces,-1030000000,metric tons,0.153,parts per million,23.88111,dollars per metric tons NSR,157.111,metric tons,Pt,Measured plus Indicated,Mineral Resource,CIM,"Page 14-35, Table 14-16",Barber and others (2014),<Null>
175,MN00003,Mo00721,Maturi,7/17/2018,copper,2014,ore,-1130000000,short tons,0.59,percent,21.66,dollars per short tons NSR,13366000000,pounds,-1030000000,metric tons,0.59,percent,23.88111,dollars per metric tons NSR,6000000.111,metric tons,Cu,Measured plus Indicated,Mineral Resource,CIM,"Page 14-35, Table 14-16",Barber and others (2014),<Null>
176,MN00003,Mo00721,Maturi,7/17/2018,copper,2014,ore,-530600000,short tons,0.49,percent,21.66,dollars per short tons NSR,5242000000,pounds,-481400000.1,metric tons,0.49,percent,23.88111,dollars per metric tons NSR,2400000.111,metric tons,Cu,Inferred,Mineral Resource,CIM,"Page 14-35, Table 14-16",Barber and others (2014),<Null>
177,MN00003,Mo00722,Spruce Road,7/19/2018,copper,2014,ore,-480000000,short tons,0.43,percent,30,dollars per short tons NSR,4128000000,pounds,-440000000.1,metric tons,0.43,percent,33.07111,dollars per metric tons NSR,1900000.111,metric tons,Cu,Inferred,Mineral Resource,CIM,"Page 14-40, Table 14-21",Barber and others (2014),<Null>
178,MN00003,Mo00722,Spruce Road,7/19/2018,nickel,2014,ore,-480000000,short tons,0.16,percent,30,dollars per short tons NSR,1536000000,pounds,-440000000.1,metric tons,0.16,percent,33.07111,dollars per metric tons NSR,700000.111,metric tons,Ni,Inferred,Mineral Resource,CIM,"Page 14-40, Table 14-21",Barber and others (2014),<Null>
179,MN00008,Mo00740,138 Zone,7/19/2018,nickel,2018,ore,-2705000,tonnes,0.95,percent,0.83,percent nickel equivalent,26000.111,tonnes,-2705000,metric tons,0.95,percent,0.83,percent nickel equivalent,26000.111,metric tons,Ni,Inferred,Mineral Resource,CIM,"Page 187, Table 14-18",Fletcher and others (2018),<Null>
180,MN00008,Mo00740,138 Zone,7/19/2018,platinum,2018,ore,-2705000,tonnes,0.23,grams per tonne,0.83,percent nickel equivalent,620000.111,grams,-2705000,metric tons,0.23,grams per metric ton,0.83,percent nickel equivalent,0.62111,metric tons,Pt,Inferred,Mineral Resource,CIM,"Page 187, Table 14-18",Fletcher and others (2018),<Null>
181,MN00008,Mo00740,138 Zone,7/19/2018,cobalt,2018,ore,-2705000,tonnes,0.03,percent,0.83,percent nickel equivalent,810.111,tonnes,-2705000,metric tons,0.03,percent,0.83,percent nickel equivalent,810.111,metric tons,Co,Inferred,Mineral Resource,CIM,"Page 187, Table 14-18",Fletcher and others (2018),<Null>
182,MN00008,Mo00740,138 Zone,7/19/2018,copper,2018,ore,-2705000,tonnes,0.74,percent,0.83,percent nickel equivalent,20000.111,tonnes,-2705000,metric tons,0.74,percent,0.83,percent nickel equivalent,20000.111,metric tons,Cu,Inferred,Mineral Resource,CIM,"Page 187, Table 14-18",Fletcher and others (2018),<Null>
183,MN00008,Mo00740,138 Zone,7/19/2018,gold,2018,ore,-2705000,tonnes,0.16,grams per tonne,0.83,percent nickel equivalent,430000.111,grams,-2705000,metric tons,0.16,grams per metric ton,0.83,percent nickel equivalent,0.43111,metric tons,Au,Inferred,Mineral Resource,CIM,"Page 187, Table 14-18",Fletcher and others (2018),<Null>
184,MN00008,Mo00740,138 Zone,7/19/2018,palladium,2018,ore,-2705000,tonnes,0.13,grams per tonne,0.83,percent nickel equivalent,350000.111,grams,-2705000,metric tons,0.13,grams per metric ton,0.83,percent nickel equivalent,0.35111,metric tons,Pd,Inferred,Mineral Resource,CIM,"Page 187, Table 14-18",Fletcher and others (2018),<Null>
185,MN00008,Mo00741,SMSU Zone,7/18/2018,platinum,2018,ore,-1107000,tonnes,0.22,grams per tonne,0.83,percent nickel equivalent,240000.111,grams,-1107000,metric tons,0.22,grams per metric ton,0.83,percent nickel equivalent,0.24111,metric tons,Pt,Inferred,Mineral Resource,CIM,"Page 187, Table 14-18",Fletcher and others (2018),<Null>
186,MN00008,Mo00741,SMSU Zone,7/18/2018,nickel,2018,ore,-3639000,tonnes,1.83,percent,0.83,percent nickel equivalent,66600.111,tonnes,-3639000,metric tons,1.83,percent,0.83,percent nickel equivalent,66600.111,metric tons,Ni,Indicated,Mineral Resource,CIM,"Page 187, Table 14-18",Fletcher and others (2018),<Null>
187,MN00008,Mo00741,SMSU Zone,7/18/2018,platinum,2018,ore,-3639000,tonnes,0.42,grams per tonne,0.83,percent nickel equivalent,1500000.111,grams,-3639000,metric tons,0.42,grams per metric ton,0.83,percent nickel equivalent,1.5111,metric tons,Pt,Indicated,Mineral Resource,CIM,"Page 187, Table 14-18",Fletcher and others (2018),<Null>
188,MN00008,Mo00741,SMSU Zone,7/18/2018,cobalt,2018,ore,-3639000,tonnes,0.05,percent,0.83,percent nickel equivalent,1800.111,tonnes,-3639000,metric tons,0.05,percent,0.83,percent nickel equivalent,1800.111,metric tons,Co,Indicated,Mineral Resource,CIM,"Page 187, Table 14-18",Fletcher and others (2018),<Null>
189,MN00008,Mo00741,SMSU Zone,7/18/2018,nickel,2018,ore,-1107000,tonnes,0.9,percent,0.83,percent nickel equivalent,10000.111,tonnes,-1107000,metric tons,0.9,percent,0.83,percent nickel equivalent,10000.111,metric tons,Ni,Inferred,Mineral Resource,CIM,"Page 187, Table 14-18",Fletcher and others (2018),<Null>
190,MN00008,Mo00741,SMSU Zone,7/18/2018,gold,2018,ore,-3639000,tonnes,0.2,grams per tonne,0.83,percent nickel equivalent,730000.111,grams,-3639000,metric tons,0.2,grams per metric ton,0.83,percent nickel equivalent,0.73111,metric tons,Au,Indicated,Mineral Resource,CIM,"Page 187, Table 14-18",Fletcher and others (2018),<Null>
191,MN00008,Mo00741,SMSU Zone,7/18/2018,palladium,2018,ore,-1107000,tonnes,0.14,grams per tonne,0.83,percent nickel equivalent,150000.111,grams,-1107000,metric tons,0.14,grams per metric ton,0.83,percent nickel equivalent,0.15111,metric tons,Pd,Inferred,Mineral Resource,CIM,"Page 187, Table 14-18",Fletcher and others (2018),<Null>
192,MN00008,Mo00741,SMSU Zone,7/18/2018,copper,2018,ore,-3639000,tonnes,0.99,percent,0.83,percent nickel equivalent,36000.111,tonnes,-3639000,metric tons,0.99,percent,0.83,percent nickel equivalent,36000.111,metric tons,Cu,Indicated,Mineral Resource,CIM,"Page 187, Table 14-18",Fletcher and others (2018),<Null>
193,MN00008,Mo00741,SMSU Zone,7/18/2018,palladium,2018,ore,-3639000,tonnes,0.26,grams per tonne,0.83,percent nickel equivalent,950000.111,grams,-3639000,metric tons,0.26,grams per metric ton,0.83,percent nickel equivalent,0.95111,metric tons,Pd,Indicated,Mineral Resource,CIM,"Page 187, Table 14-18",Fletcher and others (2018),<Null>
194,MN00008,Mo00741,SMSU Zone,7/18/2018,gold,2018,ore,-1107000,tonnes,0.12,grams per tonne,0.83,percent nickel equivalent,130000.111,grams,-1107000,metric tons,0.12,grams per metric ton,0.83,percent nickel equivalent,0.13111,metric tons,Au,Inferred,Mineral Resource,CIM,"Page 187, Table 14-18",Fletcher and others (2018),<Null>
195,MN00008,Mo00741,SMSU Zone,7/18/2018,copper,2018,ore,-1107000,tonnes,0.55,percent,0.83,percent nickel equivalent,6100.111,tonnes,-1107000,metric tons,0.55,percent,0.83,percent nickel equivalent,6100.111,metric tons,Cu,Inferred,Mineral Resource,CIM,"Page 187, Table 14-18",Fletcher and others (2018),<Null>
196,MN00008,Mo00741,SMSU Zone,7/18/2018,cobalt,2018,ore,-1107000,tonnes,0.03,percent,0.83,percent nickel equivalent,330.111,tonnes,-1107000,metric tons,0.03,percent,0.83,percent nickel equivalent,330.111,metric tons,Co,Inferred,Mineral Resource,CIM,"Page 187, Table 14-18",Fletcher and others (2018),<Null>
197,MN00008,Mo00742,MSU Zone,7/18/2018,nickel,2018,ore,-570000,tonnes,5.86,percent,0.83,percent nickel equivalent,33400.111,tonnes,-570000,metric tons,5.86,percent,0.83,percent nickel equivalent,33400.111,metric tons,Ni,Inferred,Mineral Resource,CIM,"Page 187, Table 14-18",Fletcher and others (2018),<Null>
198,MN00008,Mo00742,MSU Zone,7/18/2018,cobalt,2018,ore,-570000,tonnes,0.12,percent,0.83,percent nickel equivalent,680.111,tonnes,-570000,metric tons,0.12,percent,0.83,percent nickel equivalent,680.111,metric tons,Co,Inferred,Mineral Resource,CIM,"Page 187, Table 14-18",Fletcher and others (2018),<Null>
199,MN00008,Mo00742,MSU Zone,7/18/2018,platinum,2018,ore,-570000,tonnes,0.68,grams per tonne,0.83,percent nickel equivalent,390000.111,grams,-570000,metric tons,0.68,grams per metric ton,0.83,percent nickel equivalent,0.39111,metric tons,Pt,Inferred,Mineral Resource,CIM,"Page 187, Table 14-18",Fletcher and others (2018),<Null>
200,MN00008,Mo00742,MSU Zone,7/18/2018,copper,2018,ore,-570000,tonnes,2.46,percent,0.83,percent nickel equivalent,14000.111,tonnes,-570000,metric tons,2.46,percent,0.83,percent nickel equivalent,14000.111,metric tons,Cu,Inferred,Mineral Resource,CIM,"Page 187, Table 14-18",Fletcher and others (2018),<Null>
201,MN00008,Mo00742,MSU Zone,7/18/2018,gold,2018,ore,-570000,tonnes,0.25,grams per tonne,0.83,percent nickel equivalent,140000.111,grams,-570000,metric tons,0.25,grams per metric ton,0.83,percent nickel equivalent,0.14111,metric tons,Au,Inferred,Mineral Resource,CIM,"Page 187, Table 14-18",Fletcher and others (2018),<Null>
202,MN00008,Mo00742,MSU Zone,7/18/2018,palladium,2018,ore,-570000,tonnes,0.51,grams per tonne,0.83,percent nickel equivalent,290000.111,grams,-570000,metric tons,0.51,grams per metric ton,0.83,percent nickel equivalent,0.29111,metric tons,Pd,Inferred,Mineral Resource,CIM,"Page 187, Table 14-18",Fletcher and others (2018),<Null>
203,MO00002,Mo00774,Higdon,7/19/2018,nickel,1959,ore,-9349040,tons,0.18,percent,<Null>,<Null>,17000.111,tons,-8481310.111,metric tons,0.18,percent,<Null>,<Null>,15000.111,metric tons,Ni,Indicated,Drill-Indicated Mineral Inventory,<Null>,Page 12,Knox and Amos (1959),<Null>
204,MO00002,Mo00774,Higdon,7/19/2018,cobalt,1959,ore,-9349040,tons,0.16,percent,<Null>,<Null>,15000.111,tons,-8481310.111,metric tons,0.16,percent,<Null>,<Null>,14000.111,metric tons,Co,Indicated,Drill-Indicated Mineral Inventory,<Null>,Page 12,Knox and Amos (1959),<Null>
205,MO00002,Mo00774,Higdon,7/19/2018,lead,1959,ore,-9349040,tons,2.35,percent,<Null>,<Null>,220000.111,tons,-8481310.111,metric tons,2.35,percent,<Null>,<Null>,199000.111,metric tons,Pb,Indicated,Drill-Indicated Mineral Inventory,<Null>,Page 12,Knox and Amos (1959),<Null>
206,MO00002,Mo00774,Higdon,7/19/2018,copper,1959,ore,-9349040,tons,0.22,percent,<Null>,<Null>,21000.111,tons,-8481310.111,metric tons,0.22,percent,<Null>,<Null>,19000.111,metric tons,Cu,Indicated,Drill-Indicated Mineral Inventory,<Null>,Page 12,Knox and Amos (1959),<Null>
207,MO00002,Mo00774,Higdon,7/19/2018,zinc,1959,ore,-9349040,tons,1.22,percent,<Null>,<Null>,114000.111,tons,-8481310.111,metric tons,1.22,percent,<Null>,<Null>,103000.111,metric tons,Zn,Indicated,Drill-Indicated Mineral Inventory,<Null>,Page 12,Knox and Amos (1959),<Null>
208,MO00013,Mo00559,Madison,7/18/2018,nickel,1957,ore,-3000000,short tons,0.2,percent,<Null>,<Null>,6000.111,short tons,-2700000.111,metric tons,0.2,percent,<Null>,<Null>,5400.111,metric tons,Ni,Probable,Reserve,<Null>,Page 6,Kline and others (1961),<Null>
209,MO00013,Mo00559,Madison,7/18/2018,nickel,1957,ore,-1500000,short tons,0.24,percent,<Null>,<Null>,3600.111,short tons,-1400000.111,metric tons,0.24,percent,<Null>,<Null>,3300.111,metric tons,Ni,Proven,Reserve,<Null>,Page 6,Kline and others (1961),<Null>
210,MO00013,Mo00559,Madison,7/18/2018,cobalt,1957,ore,-3000000,short tons,0.16,percent,<Null>,<Null>,4800.111,short tons,-2700000.111,metric tons,0.16,percent,<Null>,<Null>,4400.111,metric tons,Co,Probable,Reserve,<Null>,Page 6,Kline and others (1961),<Null>
211,MO00013,Mo00559,Madison,7/18/2018,lead,1957,ore,-3000000,short tons,1.75,percent,<Null>,<Null>,52500.111,short tons,-2700000.111,metric tons,1.75,percent,<Null>,<Null>,47600.111,metric tons,Pb,Probable,Reserve,<Null>,Page 6,Kline and others (1961),<Null>
212,MO00013,Mo00559,Madison,7/18/2018,copper,1957,ore,-1500000,short tons,0.6,percent,<Null>,<Null>,9000.111,short tons,-1400000.111,metric tons,0.6,percent,<Null>,<Null>,8200.111,metric tons,Cu,Proven,Reserve,<Null>,Page 6,Kline and others (1961),<Null>
213,MO00013,Mo00559,Madison,7/19/2018,cobalt,2002,ore,12081000,metric tons,0.35,percent,<Null>,<Null>,42284.111,metric tons,12081000,metric tons,0.35,percent,<Null>,<Null>,42284.111,metric tons,Co,<Null>,Resource,<Null>,<Null>,US Cobalt Inc. (2003),<Null>
214,MO00013,Mo00559,Madison,7/18/2018,copper,1957,ore,-3000000,short tons,0.4,percent,<Null>,<Null>,12000.111,short tons,-2700000.111,metric tons,0.4,percent,<Null>,<Null>,11000.111,metric tons,Cu,Probable,Reserve,<Null>,Page 6,Kline and others (1961),<Null>
215,MO00013,Mo00559,Madison,7/18/2018,lead,1957,ore,-1500000,short tons,2.3,percent,<Null>,<Null>,35000.111,short tons,-1400000.111,metric tons,2.3,percent,<Null>,<Null>,31000.111,metric tons,Pb,Proven,Reserve,<Null>,Page 6,Kline and others (1961),<Null>
216,MO00013,Mo00559,Madison,7/18/2018,cobalt,1957,ore,-1500000,short tons,0.18,percent,<Null>,<Null>,2700.111,short tons,-1400000.111,metric tons,0.18,percent,<Null>,<Null>,2400.111,metric tons,Co,Proven,Reserve,<Null>,Page 6,Kline and others (1961),<Null>
217,MO00014,Mo00560,Boss-Bixby,7/19/2018,iron,1974,ore,-40000000,short tons,18,percent,<Null>,<Null>,7200000.111,short tons,-36300000.11,metric tons,18,percent,<Null>,<Null>,6500000.111,metric tons,Fe,<Null>,Resource,<Null>,<Null>,Long and others (1998),<Null>
218,MO00014,Mo00560,Boss-Bixby,7/19/2018,copper,1974,ore,-40000000,short tons,0.83,percent,<Null>,<Null>,330000.111,short tons,-36300000.11,metric tons,0.83,percent,<Null>,<Null>,300000.111,metric tons,Cu,<Null>,Resource,<Null>,<Null>,Long and others (1998),Supported by resource in Nold and others (2014)
219,MO00014,Mo00560,Boss-Bixby,7/19/2018,cobalt,1974,ore,-40000000,short tons,0.035,percent,<Null>,<Null>,14000.111,short tons,-36300000.11,metric tons,0.035,percent,<Null>,<Null>,12700.111,metric tons,Co,<Null>,Resource,<Null>,<Null>,Long and others (1998),<Null>
220,MT00002,Mo00754,Johnny Lee Upper Zone,7/19/2018,copper,1988,ore,-5000000,tons,2.5,percent,<Null>,<Null>,130000.111,tons,-4500000.111,metric tons,2.5,percent,<Null>,<Null>,110000.111,metric tons,Cu,<Null>,<Null>,<Null>,Page 11,Cominco Resources International Ltd. (1989),<Null>
221,MT00002,Mo00754,Johnny Lee Upper Zone,7/19/2018,cobalt,2013,ore,-9179000,tonnes,0.12,percent,1.6,percent copper equivalent,24900000,pounds,-9179000,metric tons,0.12,percent,1.6,percent copper equivalent,11000.111,metric tons,Co,Measured plus Indicated,Mineral Resource,CIM,"Page 1-8, Table 1.2",Winckers and others (2013),<Null>
222,MT00002,Mo00754,Johnny Lee Upper Zone,7/19/2018,copper,2013,ore,-9179000,tonnes,2.83,percent,1.6,percent copper equivalent,573000000,pounds,-9179000,metric tons,2.83,percent,1.6,percent copper equivalent,260000.111,metric tons,Cu,Measured plus Indicated,Mineral Resource,CIM,"Page 1-8, Table 1.2",Winckers and others (2013),<Null>
223,MT00002,Mo00754,Johnny Lee Upper Zone,7/19/2018,cobalt,1988,ore,-5000000,tons,0.1,percent,<Null>,<Null>,5000.111,tons,-4500000.111,metric tons,0.1,percent,<Null>,<Null>,4500.111,metric tons,Co,<Null>,<Null>,<Null>,Page 11,Cominco Resources International Ltd. (1989),<Null>
224,MT00002,Mo00754,Johnny Lee Upper Zone,7/19/2018,copper,2013,ore,-1255000,tonnes,2.52,percent,1.6,percent copper equivalent,70000000,pounds,-1255000,metric tons,2.52,percent,1.6,percent copper equivalent,31600.111,metric tons,Cu,Inferred,Mineral Resource,CIM,"Page 1-9, Table 1.3",Winckers and others (2013),<Null>
225,MT00002,Mo00754,Johnny Lee Upper Zone,7/19/2018,cobalt,2013,ore,-1255000,tonnes,0.1,percent,1.6,percent copper equivalent,2800000,pounds,-1255000,metric tons,0.1,percent,1.6,percent copper equivalent,1300.111,metric tons,Co,Inferred,Mineral Resource,CIM,"Page 1-9, Table 1.3",Winckers and others (2013),<Null>
226,MT00002,Mo00754,Johnny Lee Upper Zone,7/19/2018,gold,2013,ore,-1255000,tonnes,0.008,grams per tonne,1.6,percent copper equivalent,300,ounces,-1255000,metric tons,0.008,grams per metric ton,1.6,percent copper equivalent,0.01111,metric tons,"Au",Inferred,Mineral Resource,CIM,"Page 1-9, Table 1.3",Winckers and others (2013),<Null>
227,MT00002,Mo00754,Johnny Lee Upper Zone,7/19/2018,gold,2013,ore,-9179000,tonnes,0.008,grams per tonne,1.6,percent copper equivalent,2500,ounces,-9179000,metric tons,0.008,grams per metric ton,1.6,percent copper equivalent,0.073111,metric tons,Au,Measured plus Indicated,Mineral Resource,CIM,"Page 1-8, Table 1.2",Winckers and others (2013),<Null>
228,MT00002,Mo00754,Johnny Lee Upper Zone,7/19/2018,silver,2013,ore,-1255000,tonnes,15.2,grams per tonne,1.6,percent copper equivalent,613000,ounces,-1255000,metric tons,15.2,grams per metric ton,1.6,percent copper equivalent,19.1111,metric tons,Ag,Inferred,Mineral Resource,CIM,"Page 1-9, Table 1.3",Winckers and others (2013),<Null>
229,MT00002,Mo00754,Johnny Lee Upper Zone,7/19/2018,silver,2013,ore,-9179000,tonnes,15.7,grams per tonne,1.6,percent copper equivalent,4642000,ounces,-9179000,metric tons,15.7,grams per metric ton,1.6,percent copper equivalent,144.111,metric tons,Ag,Measured plus Indicated,Mineral Resource,CIM,"Page 1-8, Table 1.2",Winckers and others (2013),<Null>
230,MT00002,Mo00755,Johnny Lee Lower Zone,7/19/2018,cobalt,2013,ore,-205000,tonnes,0.03,percent,1.5,percent copper equivalent,100000,pounds,-205000,metric tons,0.03,percent,1.5,percent copper equivalent,62.111,metric tons,Co,Inferred,Mineral Resource,CIM,"Page 1-9, Table 1.5",Winckers and others (2013),<Null>
231,MT00002,Mo00755,Johnny Lee Lower Zone,7/19/2018,copper,2013,ore,-205000,tonnes,5.33,percent,1.5,percent copper equivalent,24000000,pounds,-205000,metric tons,5.33,percent,1.5,percent copper equivalent,10900.111,metric tons,Cu,Inferred,Mineral Resource,CIM,"Page 1-9, Table 1.5",Winckers and others (2013),<Null>
232,MT00002,Mo00755,Johnny Lee Lower Zone,7/19/2018,cobalt,2013,ore,-2387000,tonnes,0.03,percent,1.5,percent copper equivalent,1700000,pounds,-2387000,metric tons,0.03,percent,1.5,percent copper equivalent,720.111,metric tons,Co,Indicated,Mineral Resource,CIM,"Page 1-9, Table 1.4",Winckers and others (2013),<Null>
233,MT00002,Mo00755,Johnny Lee Lower Zone,7/19/2018,gold,2013,ore,-2387000,tonnes,0.304,grams per tonne,1.5,percent copper equivalent,23300,ounces,-2387000,metric tons,0.304,grams per metric ton,1.5,percent copper equivalent,0.726111,metric tons,Au,Indicated,Mineral Resource,CIM,"Page 1-9, Table 1.4",Winckers and others (2013),<Null>
234,MT00002,Mo00755,Johnny Lee Lower Zone,7/19/2018,silver,2013,ore,-2387000,tonnes,4.5,grams per tonne,1.5,percent copper equivalent,345000,ounces,-2387000,metric tons,4.5,grams per metric ton,1.5,percent copper equivalent,11.111,metric tons,Ag,Indicated,Mineral Resource,CIM,"Page 1-9, Table 1.4",Winckers and others (2013),<Null>
235,MT00002,Mo00755,Johnny Lee Lower Zone,7/19/2018,gold,2013,ore,-205000,tonnes,0.207,grams per tonne,1.5,percent copper equivalent,1400,ounces,-205000,metric tons,0.207,grams per metric ton,1.5,percent copper equivalent,0.042111,metric tons,Au,Inferred,Mineral Resource,CIM,"Page 1-9, Table 1.5",Winckers and others (2013),<Null>
236,MT00002,Mo00755,Johnny Lee Lower Zone,7/19/2018,copper,1988,ore,2000000,tons,6,percent,<Null>,<Null>,120000.111,tons,180000.111,metric tons,6,percent,<Null>,<Null>,11000.111,metric tons,Cu,<Null>,<Null>,<Null>,Page 11,Cominco Resources International Ltd. (1989),<Null>
237,MT00002,Mo00755,Johnny Lee Lower Zone,7/19/2018,copper,2013,ore,-2387000,tonnes,6.4,percent,1.5,percent copper equivalent,337000000,pounds,-2387000,metric tons,6.4,percent,1.5,percent copper equivalent,150000.111,metric tons,Cu,Indicated,Mineral Resource,CIM,"Page 1-9, Table 1.4",Winckers and others (2013),<Null>
238,MT00002,Mo00755,Johnny Lee Lower Zone,7/19/2018,silver,2013,ore,-205000,tonnes,4.1,grams per tonne,1.5,percent copper equivalent,27000,ounces,-205000,metric tons,4.1,grams per metric ton,1.5,percent copper equivalent,0.84111,metric tons,Ag,Inferred,Mineral Resource,CIM,"Page 1-9, Table 1.5",Winckers and others (2013),<Null>
239,MT00002,Mo00756,Lowry Middle Zone,7/19/2018,silver,2013,ore,-801000,tonnes,14.1,grams per tonne,1.6,percent copper equivalent,363000,ounces,-801000,metric tons,14.1,grams per metric ton,1.6,percent copper equivalent,11.3111,metric tons,Ag,Inferred,Mineral Resource,CIM,"Page 1-10, Table 1.7",Winckers and others (2013),<Null>
240,MT00002,Mo00756,Lowry Middle Zone,7/19/2018,copper,2013,ore,-801000,tonnes,2.58,percent,1.6,percent copper equivalent,46000000,pounds,-801000,metric tons,2.58,percent,1.6,percent copper equivalent,20700.111,metric tons,Cu,Inferred,Mineral Resource,CIM,"Page 1-10, Table 1.7",Winckers and others (2013),<Null>
241,MT00002,Mo00756,Lowry Middle Zone,7/19/2018,copper,2013,ore,-4099000,tonnes,2.94,percent,1.6,percent copper equivalent,266000000,pounds,-4099000,metric tons,2.94,percent,1.6,percent copper equivalent,121000.111,metric tons,Cu,Indicated,Mineral Resource,CIM,"Page 1-10, Table 1.6",Winckers and others (2013),<Null>
242,MT00002,Mo00756,Lowry Middle Zone,7/19/2018,gold,2013,ore,-801000,tonnes,0.008,grams per tonne,1.6,percent copper equivalent,200,ounces,-801000,metric tons,0.008,grams per metric ton,1.6,percent copper equivalent,0.0111,metric tons,"Au",Inferred,Mineral Resource,CIM,"Page 1-10, Table 1.7",Winckers and others (2013),<Null>
243,MT00002,Mo00756,Lowry Middle Zone,7/19/2018,gold,2013,ore,-4099000,tonnes,0.006,grams per tonne,1.6,percent copper equivalent,800,ounces,-4099000,metric tons,0.006,grams per metric ton,1.6,percent copper equivalent,0.025111,metric tons,Au,Indicated,Mineral Resource,CIM,"Page 1-10, Table 1.6",Winckers and others (2013),<Null>
244,MT00002,Mo00756,Lowry Middle Zone,7/19/2018,cobalt,2013,ore,-4099000,tonnes,0.1,percent,1.6,percent copper equivalent,9000000,pounds,-4099000,metric tons,0.1,percent,1.6,percent copper equivalent,4100.111,metric tons,Co,Indicated,Mineral Resource,CIM,"Page 1-10, Table 1.6",Winckers and others (2013),<Null>
245,MT00002,Mo00756,Lowry Middle Zone,7/19/2018,cobalt,2013,ore,-801000,tonnes,0.1,percent,1.6,percent copper equivalent,2000000,pounds,-801000,metric tons,0.1,percent,1.6,percent copper equivalent,800.111,metric tons,Co,Inferred,Mineral Resource,CIM,"Page 1-10, Table 1.7",Winckers and others (2013),<Null>
246,MT00002,Mo00756,Lowry Middle Zone,7/19/2018,silver,2013,ore,-4099000,tonnes,15.1,grams per tonne,1.6,percent copper equivalent,1990000,ounces,-4099000,metric tons,15.1,grams per metric ton,1.6,percent copper equivalent,61.9111,metric tons,Ag,Indicated,Mineral Resource,CIM,"Page 1-10, Table 1.6",Winckers and others (2013),<Null>
247,NC00001,Mr00047,Webster District,7/19/2018,nickel,1968,ore,-1000000,tons,1,percent,<Null>,<Null>,10000.111,tons,-907000.111,metric tons,1,percent,<Null>,<Null>,9100.111,metric tons,Ni,<Null>,Resource,<Null>,Page 375,U.S. Geological Survey and U.S. Bureau of Mines (1968),<Null>
248,NC00001,Mr00047,Webster District,7/19/2018,cobalt,1968,ore,-1000000,tons,0.16,percent,<Null>,<Null>,1600.111,tons,-907000.111,metric tons,0.16,percent,<Null>,<Null>,1500.111,metric tons,Co,<Null>,Resource,<Null>,Page 375,U.S. Geological Survey and U.S. Bureau of Mines (1968),<Null>
249,NM00041,Mo00773,Black Hawk,7/19/2018,cobalt,1965,ore,4000000000,pounds,0.15,percent,<Null>,<Null>,6000000,pounds,1800000.111,metric tons,0.15,percent,<Null>,<Null>,2700.111,metric tons,Co,Probable,Ore Reserve,<Null>,Page 207,Weber (1965); Vhay and others (1973),<Null>
250,OR00001,Mo00748,Turner,7/18/2018,zinc,2010,ore,-2064000,short tons,2.6,percent,42,dollars per ton NSR,107290000,pounds,-1872000.111,metric tons,2.6,percent,38.111,dollars per metric ton NSR,49000.111,metric tons,Zn,Inferred,Mineral Resource,CIM,"Page 17-19, Table 17-4",Marek and others (2010),Recovery plus diluted mineral resource
251,OR00001,Mo00748,Turner,7/18/2018,gold,2010,ore,-2422000,short tons,0.086,ounces per ton,42,dollars per ton NSR,209000,ounces,-2197000.111,metric tons,2.7111,grams per metric ton,38.111,dollars per metric ton NSR,5.9111,metric tons,Au,Indicated,Mineral Resource,CIM,"Page 17-19, Table 17-4",Marek and others (2010),Recovery plus diluted mineral resource
252,OR00001,Mo00748,Turner,7/18/2018,cobalt,2010,ore,-2064000,short tons,0.036,percent,42,dollars per ton NSR,740.111,short tons,-1872000.111,metric tons,0.036,percent,38.111,dollars per metric ton NSR,670.111,metric tons,Co,Inferred,Mineral Resource,CIM,"Page 17-19, Table 17-4",Marek and others (2010),Recovery plus diluted mineral resource
253,OR00001,Mo00748,Turner,7/18/2018,cobalt,2010,ore,-2422000,short tons,0.046,percent,42,dollars per ton NSR,1100.111,short tons,-2197000.111,metric tons,0.046,percent,38.111,dollars per metric ton NSR,1000.111,metric tons,Co,Indicated,Mineral Resource,CIM,"Page 17-19, Table 17-4",Marek and others (2010),Recovery plus diluted mineral resource
254,OR00001,Mo00748,Turner,7/18/2018,copper,2010,ore,-2422000,short tons,1.18,percent,42,dollars per ton NSR,572455000,pounds,-2197000.111,metric tons,1.18,percent,38.111,dollars per metric ton NSR,25900.111,metric tons,Cu,Indicated,Mineral Resource,CIM,"Page 17-19, Table 17-4",Marek and others (2010),Recovery plus diluted mineral resource
255,OR00001,Mo00748,Turner,7/18/2018,copper,2010,ore,-2064000,short tons,0.94,percent,42,dollars per ton NSR,38991000,pounds,-1872000.111,metric tons,0.94,percent,38.111,dollars per metric ton NSR,18000.111,metric tons,Cu,Inferred,Mineral Resource,CIM,"Page 17-19, Table 17-4",Marek and others (2010),Recovery plus diluted mineral resource
256,OR00001,Mo00748,Turner,7/18/2018,silver,2010,ore,-2422000,short tons,0.3,ounces per ton,42,dollars per ton NSR,718000,ounces,-2197000.111,metric tons,9.111,grams per metric ton,38.111,dollars per metric ton NSR,21.111,metric tons,Ag,Indicated,Mineral Resource,CIM,"Page 17-19, Table 17-4",Marek and others (2010),Recovery plus diluted mineral resource
257,OR00001,Mo00748,Turner,7/18/2018,zinc,2010,ore,-2422000,short tons,2.48,percent,42,dollars per ton NSR,120169000,pounds,-2197000.111,metric tons,2.48,percent,38.111,dollars per metric ton NSR,54500.111,metric tons,Zn,Indicated,Mineral Resource,CIM,"Page 17-19, Table 17-4",Marek and others (2010),Recovery plus diluted mineral resource
258,OR00001,Mo00748,Turner,7/18/2018,gold,2010,ore,-2064000,short tons,0.084,ounces per ton,42,dollars per ton NSR,174000,ounces,-1872000.111,metric tons,2.6111,grams per metric ton,38.111,dollars per metric ton NSR,4.911,metric tons,Au,Inferred,Mineral Resource,CIM,"Page 17-19, Table 17-4",Marek and others (2010),Recovery plus diluted mineral resource
259,OR00001,Mo00748,Turner,7/18/2018,silver,2010,ore,-2064000,short tons,0.59,ounces per ton,42,dollars per ton NSR,1223000,ounces,-1872000.111,metric tons,18.111,grams per metric ton,38.111,dollars per metric ton NSR,35.111,metric tons,Ag,Inferred,Mineral Resource,CIM,"Page 17-19, Table 17-4",Marek and others (2010),Recovery plus diluted mineral resource
260,OR00002,Mo00561,Eight Dollar Mountain,7/19/2018,chromium trioxide,1975,ore,-9044000,tonnes,0.93,percent,<Null>,<Null>,84110.111,tonnes,-9044000,metric tons,0.93,percent,<Null>,<Null>,57000.111,metric tons,Cr,Indicated,Unclassified,<Null>,Pages 4 and 5,Ramp (1975),<Null>
261,OR00002,Mo00561,Eight Dollar Mountain,7/19/2018,nickel,1975,ore,-9044000,tonnes,0.56,percent,<Null>,<Null>,51000.111,tonnes,-9044000,metric tons,0.56,percent,<Null>,<Null>,51000.111,metric tons,Ni,Indicated,Unclassified,<Null>,Pages 4 and 5,Ramp (1975),<Null>
262,OR00002,Mo00561,Eight Dollar Mountain,7/19/2018,cobalt,1975,ore,-9044000,tonnes,0.04,percent,<Null>,<Null>,3600.111,tonnes,-9044000,metric tons,0.04,percent,<Null>,<Null>,3600.111,metric tons,Co,Indicated,Unclassified,<Null>,Pages 4 and 5,Ramp (1975),<Null>
263,OR00005,Mo00767,Nickel Mountain,7/19/2018,cobalt,1973,ore,16000000,tons,0.05,percent,<Null>,<Null>,8000.111,tons,14500000.11,metric tons,0.05,percent,<Null>,<Null>,7300.111,metric tons,Co,<Null>,Reserve,<Null>,Page 148,Vhay and others (1973),<Null>
264,PR00001,Mo00629,Guanajibo Deposit,7/19/2018,nickel,1959,ore,-46800000,short tons,0.88,percent,0.6,percent nickel,412000.111,short tons,-42456000.11,metric tons,0.88,percent,0.6,percent nickel,374000.111,metric tons,Ni,Inferred,Drill-Indicated Resource,<Null>,"Page 31, Table 2",Heidenreich and Reynolds (1959),<Null>
265,PR00001,Mo00629,Guanajibo Deposit,7/19/2018,cobalt,1959,ore,-46800000,short tons,0.08,percent,0.6,percent nickel,37400.111,short tons,-42456000.11,metric tons,0.08,percent,0.6,percent nickel,34000.111,metric tons,Co,Inferred,Drill-Indicated Resource,<Null>,"Page 31, Table 2",Heidenreich and Reynolds (1959),<Null>
266,PR00001,Mo00629,Guanajibo Deposit,7/19/2018,chromium,1959,ore,-46800000,short tons,0.51,percent,0.6,percent nickel,240000.111,short tons,-42456000.11,metric tons,0.51,percent,0.6,percent nickel,220000.111,metric tons,Cr,Inferred,Drill-Indicated Resource,<Null>,"Page 31, Table 2",Heidenreich and Reynolds (1959),<Null>
267,PR00001,Mo00629,Guanajibo Deposit,7/19/2018,iron,1959,ore,-46800000,short tons,20.54,percent,0.6,percent nickel,9610000.111,short tons,-42456000.11,metric tons,20.54,percent,0.6,percent nickel,8720000.111,metric tons,Fe,Inferred,Drill-Indicated Resource,<Null>,"Page 31, Table 2",Heidenreich and Reynolds (1959),<Null>
268,PR00002,Mo00630,Punta Guanajibo,7/19/2018,iron,1959,ore,-2100000,short tons,19.03,percent,0.6,percent nickel,400000.111,short tons,-1900000.111,metric tons,19.03,percent,0.6,percent nickel,360000.111,metric tons,Fe,Inferred,Drill-Indicated Resource,<Null>,"Page 31, Table 2",Heidenreich and Reynolds (1959),<Null>
269,PR00002,Mo00630,Punta Guanajibo,7/19/2018,cobalt,1959,ore,-2100000,short tons,0.07,percent,0.6,percent nickel,1500.111,short tons,-1900000.111,metric tons,0.07,percent,0.6,percent nickel,1300.111,metric tons,Co,Inferred,Drill-Indicated Resource,<Null>,"Page 31, Table 2",Heidenreich and Reynolds (1959),<Null>
270,PR00002,Mo00630,Punta Guanajibo,7/19/2018,chromium,1959,ore,-2100000,short tons,0.63,percent,0.6,percent nickel,13000.111,short tons,-1900000.111,metric tons,0.63,percent,0.6,percent nickel,12000.111,metric tons,Cr,Inferred,Drill-Indicated Resource,<Null>,"Page 31, Table 2",Heidenreich and Reynolds (1959),<Null>
271,PR00002,Mo00630,Punta Guanajibo,7/19/2018,nickel,1959,ore,-2100000,short tons,1.03,percent,0.6,percent nickel,22000.111,short tons,-1900000.111,metric tons,1.03,percent,0.6,percent nickel,20000.111,metric tons,Ni,Inferred,Drill-Indicated Resource,<Null>,"Page 31, Table 2",Heidenreich and Reynolds (1959),<Null>
272,PR00003,Mo00631,Las Mesas Deposit,7/19/2018,iron,1959,ore,-25000000,short tons,28.39,percent,0.6,percent nickel,7100000.111,short tons,-23000000.11,metric tons,28.39,percent,0.6,percent nickel,6400000.111,metric tons,Fe,Inferred,Drill-Indicated Resource,<Null>,"Page 31, Table 2",Heidenreich and Reynolds (1959),<Null>
273,PR00003,Mo00631,Las Mesas Deposit,7/19/2018,cobalt,1959,ore,-25000000,short tons,0.12,percent,0.6,percent nickel,30000.111,short tons,-23000000.11,metric tons,0.12,percent,0.6,percent nickel,27000.111,metric tons,Co,Inferred,Drill-Indicated Resource,<Null>,"Page 31, Table 2",Heidenreich and Reynolds (1959),<Null>
274,PR00003,Mo00631,Las Mesas Deposit,7/19/2018,nickel,1959,ore,-25000000,short tons,0.81,percent,0.6,percent nickel,200000.111,short tons,-23000000.11,metric tons,0.81,percent,0.6,percent nickel,180000.111,metric tons,Ni,Inferred,Drill-Indicated Resource,<Null>,"Page 31, Table 2",Heidenreich and Reynolds (1959),<Null>
275,PR00003,Mo00631,Las Mesas Deposit,7/19/2018,chromium,1959,ore,-25000000,short tons,0.75,percent,0.6,percent nickel,190000.111,short tons,-23000000.11,metric tons,0.75,percent,0.6,percent nickel,170000.111,metric tons,Cr,Inferred,Drill-Indicated Resource,<Null>,"Page 31, Table 2",Heidenreich and Reynolds (1959),<Null>
276,PR00004,Mo00632,North deposit,7/19/2018,iron,1959,ore,-4800000,short tons,20.76,percent,0.6,percent nickel,1000000.111,short tons,-4400000.111,metric tons,20.76,percent,0.6,percent nickel,900000.111,metric tons,Fe,Inferred,Drill-Indicated Resource,<Null>,"Page 31, Table 2",Heidenreich and Reynolds (1959),<Null>
277,PR00004,Mo00632,North deposit,7/19/2018,cobalt,1959,ore,-4800000,short tons,0.07,percent,0.6,percent nickel,3400.111,short tons,-4400000.111,metric tons,0.07,percent,0.6,percent nickel,3000.111,metric tons,Co,Inferred,Drill-Indicated Resource,<Null>,"Page 31, Table 2",Heidenreich and Reynolds (1959),<Null>
278,PR00004,Mo00632,North deposit,7/19/2018,nickel,1959,ore,-4800000,short tons,0.85,percent,0.6,percent nickel,41000.111,short tons,-4400000.111,metric tons,0.85,percent,0.6,percent nickel,37000.111,metric tons,Ni,Inferred,Drill-Indicated Resource,<Null>,"Page 31, Table 2",Heidenreich and Reynolds (1959),<Null>
279,PR00004,Mo00632,North deposit,7/19/2018,chromium,1959,ore,-4800000,short tons,0.58,percent,0.6,percent nickel,28000.111,short tons,-4400000.111,metric tons,0.58,percent,0.6,percent nickel,25000.111,metric tons,Cr,Inferred,Drill-Indicated Resource,<Null>,"Page 31, Table 2",Heidenreich and Reynolds (1959),<Null>
280,PR00004,Mo00633,South deposit,7/19/2018,nickel,1959,ore,-1100000,short tons,0.71,percent,0.6,percent nickel,7800.111,short tons,-1000000.111,metric tons,0.71,percent,0.6,percent nickel,7100.111,metric tons,Ni,Inferred,Drill-Indicated Resource,<Null>,"Page 31, Table 2",Heidenreich and Reynolds (1959),<Null>
281,PR00004,Mo00633,South deposit,7/19/2018,iron,1959,ore,-1100000,short tons,12.47,percent,0.6,percent nickel,140000.111,short tons,-1000000.111,metric tons,12.47,percent,0.6,percent nickel,120000.111,metric tons,Fe,Inferred,Drill-Indicated Resource,<Null>,"Page 31, Table 2",Heidenreich and Reynolds (1959),<Null>
282,PR00004,Mo00633,South deposit,7/19/2018,cobalt,1959,ore,-1100000,short tons,0.06,percent,0.6,percent nickel,660.111,short tons,-1000000.111,metric tons,0.06,percent,0.6,percent nickel,600.111,metric tons,Co,Inferred,Drill-Indicated Resource,<Null>,"Page 31, Table 2",Heidenreich and Reynolds (1959),<Null>
283,PR00004,Mo00633,South deposit,7/19/2018,chromium,1959,ore,-1100000,short tons,0.34,percent,0.6,percent nickel,3700.111,short tons,-1000000.111,metric tons,0.34,percent,0.6,percent nickel,3400.111,metric tons,Cr,Inferred,Drill-Indicated Resource,<Null>,"Page 31, Table 2",Heidenreich and Reynolds (1959),<Null>
284,PR00005,Mo00634,Maricao West Deposit,7/19/2018,cobalt,1959,ore,-5000000,short tons,0.1,percent,0.6,percent nickel,5000.111,short tons,-4500000.111,metric tons,0.1,percent,0.6,percent nickel,4500.111,metric tons,Co,Inferred,Drill-Indicated Resource,<Null>,"Page 31, Table 2",Heidenreich and Reynolds (1959),<Null>
285,PR00005,Mo00634,Maricao West Deposit,7/19/2018,chromium,1959,ore,-5000000,short tons,0.59,percent,0.6,percent nickel,30000.111,short tons,-4500000.111,metric tons,0.59,percent,0.6,percent nickel,27000.111,metric tons,Cr,Inferred,Drill-Indicated Resource,<Null>,"Page 31, Table 2",Heidenreich and Reynolds (1959),<Null>
286,PR00005,Mo00634,Maricao West Deposit,7/19/2018,iron,1959,ore,-5000000,short tons,22.05,percent,0.6,percent nickel,1100000.111,short tons,-4500000.111,metric tons,22.05,percent,0.6,percent nickel,1000000.111,metric tons,Fe,Inferred,Drill-Indicated Resource,<Null>,"Page 31, Table 2",Heidenreich and Reynolds (1959),<Null>
287,PR00005,Mo00634,Maricao West Deposit,7/19/2018,nickel,1959,ore,-5000000,short tons,0.98,percent,0.6,percent nickel,49000.111,short tons,-4500000.111,metric tons,0.98,percent,0.6,percent nickel,44000.111,metric tons,Ni,Inferred,Drill-Indicated Resource,<Null>,"Page 31, Table 2",Heidenreich and Reynolds (1959),<Null>
288,PR00005,Mo00635,Maricao East Deposit,7/19/2018,chromium,1959,ore,-5600000,short tons,0.67,percent,0.6,percent nickel,38000.111,short tons,-5100000.111,metric tons,0.67,percent,0.6,percent nickel,34000.111,metric tons,Cr,Inferred,Drill-Indicated Resource,<Null>,"Page 31, Table 2",Heidenreich and Reynolds (1959),<Null>
289,PR00005,Mo00635,Maricao East Deposit,7/19/2018,iron,1959,ore,-5600000,short tons,29.45,percent,0.6,percent nickel,1600000.111,short tons,-5100000.111,metric tons,29.45,percent,0.6,percent nickel,1500000.111,metric tons,Fe,Inferred,Drill-Indicated Resource,<Null>,"Page 31, Table 2",Heidenreich and Reynolds (1959),<Null>
290,PR00005,Mo00635,Maricao East Deposit,7/19/2018,nickel,1959,ore,-5600000,short tons,1.08,percent,0.6,percent nickel,60000.111,short tons,-5100000.111,metric tons,1.08,percent,0.6,percent nickel,55000.111,metric tons,Ni,Inferred,Drill-Indicated Resource,<Null>,"Page 31, Table 2",Heidenreich and Reynolds (1959),<Null>
291,PR00005,Mo00635,Maricao East Deposit,7/19/2018,cobalt,1959,ore,-5600000,short tons,0.11,percent,0.6,percent nickel,6200.111,short tons,-5100000.111,metric tons,0.11,percent,0.6,percent nickel,5600.111,metric tons,Co,Inferred,Drill-Indicated Resource,<Null>,"Page 31, Table 2",Heidenreich and Reynolds (1959),<Null>
292,TN00001,Mr00037,Ducktown District,7/19/2018,cobalt,1973,ore,8000000000,pounds,0.5,percent,0.4,percent,40000000,pounds,3600000.111,metric tons,0.5,percent,0.4,percent,18000.111,metric tons,Co,<Null>,Resource,<Null>,Page 150,Vhay and others (1973),<Null>
